sample_id,input,filtered,denoisedF,denoisedR,merged,nonchim,perc_pass_filter,Order,sequencer
FD1,79363,50800,50019,50265,47887,46544,58.64697655,1,MiSeq
FD2,100645,62315,61312,61445,58587,56741,56.37736599,2,MiSeq
FD3,78091,48449,47759,47738,45593,44036,56.3906212,3,MiSeq
FD4,89566,71075,70411,70640,68242,65943,73.62503629,4,MiSeq
FD5,71922,44877,43910,44274,41954,40686,56.56961709,5,MiSeq
FD6,85199,65888,65211,65194,62101,60492,71.00083334,6,MiSeq
FD7,85912,60242,59046,57441,53536,52086,60.62715337,7,MiSeq
FD8,75086,50710,49454,49955,47336,46173,61.49348747,8,MiSeq
FD9,67202,46397,45328,45777,43472,42294,62.93562692,9,MiSeq
FD10,76767,63274,62745,62877,60857,59396,77.37178736,10,MiSeq
FD11,80235,62673,62120,62266,60319,58589,73.02174861,11,MiSeq
FD12,101086,90702,89853,90053,85622,82389,81.50386799,12,MiSeq
FD13,74032,53761,52969,53185,51258,49857,67.34520207,13,MiSeq
FD14,90090,67925,67256,67419,65769,64487,71.58064158,14,MiSeq
FD15,97475,76976,76386,76533,74865,73410,75.31161836,15,MiSeq
FD16,93642,64647,63724,63775,61503,59373,63.40424169,16,MiSeq
FD17,83928,71363,70679,70880,67834,65622,78.18844724,17,MiSeq
FD18,100505,86508,85283,85987,82950,80210,79.80697478,18,MiSeq
FD19,93397,72465,71964,71914,70306,68270,73.09656627,19,MiSeq
FD20,83352,59631,59144,59117,57481,56178,67.39850274,20,MiSeq
FD21,72853,45934,45124,45354,43245,41764,57.32639699,21,MiSeq
FD22,91669,76375,75543,75741,72818,70341,76.73368314,22,MiSeq
FD23,79864,63479,62770,62913,61142,59277,74.22242813,23,MiSeq
FD24,82602,62468,61802,62080,60575,59228,71.70286434,24,MiSeq
FD25,77734,48888,48224,48465,46561,45403,58.40816116,25,MiSeq
FD26,103013,76290,75680,75706,73577,71164,69.08254298,26,MiSeq
FD27,115490,105891,105024,105302,99943,90230,78.12797645,27,MiSeq
FD28,89721,75346,74135,74658,71844,69292,77.23052574,28,MiSeq
FD29,83312,62837,62383,62435,60786,59162,71.01257922,29,MiSeq
FD30,103031,71896,71079,71384,68865,66790,64.82514971,30,MiSeq
FD31,84775,57711,56828,56942,54508,52970,62.48304335,31,MiSeq
FD32,89230,81590,80912,81132,77392,72289,81.01423288,32,MiSeq
FD33,83831,74541,73647,74029,71067,68463,81.66787942,33,MiSeq
FD34,73540,65530,64548,65133,62431,60076,81.69159641,34,MiSeq
FD35,112999,89562,89027,89155,87161,84035,74.36791476,35,MiSeq
FD36,86839,61744,61012,61312,59381,57822,66.58529002,36,MiSeq
FD37,83393,70262,69532,69759,67035,64445,77.27866847,37,MiSeq
FD38,103223,88674,87947,88232,85284,82493,79.9172665,38,MiSeq
FD39,93559,80251,79692,79853,77198,74668,79.80846311,39,MiSeq
FD40,118834,93126,91959,92200,88636,85415,71.87757712,40,MiSeq
FD41,100382,59491,58171,58773,55622,54072,53.866231,41,MiSeq
FD42,87515,77252,76686,76824,74517,71895,82.15163115,42,MiSeq
FD43,99566,84182,83176,83513,80714,77961,78.30082558,43,MiSeq
FD44,90133,72472,71911,71818,69852,68117,75.57387416,44,MiSeq
FD45,111713,90326,89809,89844,87934,85869,76.8657184,45,MiSeq
FD46,75558,53858,53227,53337,51235,49284,65.22671325,46,MiSeq
FD47,98305,81629,80964,81008,77876,74974,76.26672092,47,MiSeq
FD48,94476,83088,82430,82660,80658,77703,82.24628477,48,MiSeq
FD49,84543,65207,64355,64819,62753,61144,72.32295991,49,MiSeq
FD50,92423,61736,60471,61191,58343,56588,61.22718371,50,MiSeq
FD51,109925,84779,83877,84153,81841,80040,72.81328178,51,MiSeq
FD52,92947,82016,80965,81263,76972,74517,80.17149558,52,MiSeq
FD53,75016,65239,64596,64777,62484,60289,80.36818812,53,MiSeq
FD54,86869,71354,70520,70769,68441,66165,76.16641149,54,MiSeq
FD55,85533,55390,54642,53782,51443,50402,58.92696386,55,MiSeq
FD56,94342,60576,59521,59907,57397,55756,59.09987068,56,MiSeq
FD57,100737,68836,68033,68124,64934,62990,62.52916009,57,MiSeq
FD58,78705,50832,50063,50428,48297,47061,59.7941681,58,MiSeq
FD59,85494,73836,73049,72980,69923,67507,78.96109669,59,MiSeq
FD60,85919,73311,72695,72764,69619,67179,78.18875918,60,MiSeq
FD61,94395,78856,78164,78217,75074,72402,76.70109646,61,MiSeq
FD62,72982,49953,48973,49294,46927,45559,62.4249815,62,MiSeq
FD63,94898,75701,74987,75291,73033,70349,74.13117242,63,MiSeq
FD64,103722,86226,85483,85589,83316,81340,78.42116427,64,MiSeq
FD65,115562,97476,96655,96781,93619,90128,77.99103512,65,MiSeq
FD66,124850,101946,101164,101108,97231,93397,74.80736884,66,MiSeq
FD67,103701,77106,76132,76121,73033,70911,68.38024706,67,MiSeq
FD68,97198,74970,73834,74194,71088,69119,71.11154551,68,MiSeq
FD69,106867,90913,89720,90394,86693,84086,78.68284877,69,MiSeq
FD70,116328,93307,92064,92495,87629,83923,72.14342205,70,MiSeq
FD71,98704,79253,78470,78664,75620,73567,74.53294699,71,MiSeq
FD72,99929,73023,72423,72354,69842,67381,67.4288745,72,MiSeq
FD73,100883,73426,72483,72883,70127,67741,67.14808243,73,MiSeq
FD74,98788,70569,69679,69770,67046,64510,65.30145362,74,MiSeq
FD75,101957,71329,70351,70724,67510,64714,63.47185578,75,MiSeq
FD76,111440,80488,79526,79747,76512,73606,66.04989232,76,MiSeq
FD77,93479,71544,70979,70889,68828,66228,70.84799795,77,MiSeq
FD78,81074,59908,59195,59513,57277,55109,67.97370304,78,MiSeq
FD79,82013,58323,57620,57648,55318,53315,65.00798654,79,MiSeq
FD80,95131,69910,69004,69366,66799,64634,67.94210089,80,MiSeq
FD81,98906,70103,69383,69462,66959,64413,65.12547267,81,MiSeq
FD82,96204,69017,68269,68469,66086,64188,66.72071847,82,MiSeq
FD83,124374,93793,92726,93020,88572,85365,68.63572772,83,MiSeq
FD84,97019,71999,71318,70971,68331,65889,67.91350148,84,MiSeq
FD85,77989,52087,51526,51642,49331,47135,60.43801049,85,MiSeq
FD86,96219,67068,66056,66541,63418,60736,63.12266808,86,MiSeq
FD87,88178,64151,63599,63703,61498,59198,67.13465944,87,MiSeq
FD88,89099,62398,61661,61920,59615,57301,64.31160844,88,MiSeq
FD89,93545,63614,62939,63158,60821,58246,62.26521995,89,MiSeq
FD90,32041,6193,5951,6015,5757,4953,15.45831903,90,MiSeq
FD91,94639,80445,79915,80127,78770,76334,80.65807965,91,MiSeq
FD92,28316,25313,24862,24826,24292,24268,85.70419551,92,MiSeq
FD93,20271,17143,16974,16833,16307,16034,79.09821913,93,MiSeq
FD94,34868,30922,30559,30528,29987,29987,86.00149134,94,MiSeq
FD95,82338,14460,13996,14101,13679,13560,16.46870218,95,MiSeq
FK1,79356,52267,52080,52058,51487,49740,62.67957054,1,AVITI
FK2,100451,64641,64402,64351,63613,60856,60.5827717,2,AVITI
FK3,77967,49202,49049,49054,48502,46638,59.81761514,3,AVITI
FK4,89381,68119,67954,67997,67520,64576,72.24801692,4,AVITI
FK5,71819,46858,46634,46643,46085,44480,61.93347164,5,AVITI
FK6,85161,64516,64341,64365,61976,59978,70.42895222,6,AVITI
FK7,85682,64327,64054,64065,63459,61387,71.64515301,7,AVITI
FK8,75008,53143,52858,52843,52232,50884,67.83809727,8,AVITI
FK9,67041,46846,46669,46665,46286,44751,66.75168926,9,AVITI
FK10,76725,65119,64978,65030,64672,62114,80.95666341,10,AVITI
FK11,80076,58562,58392,58449,57937,55903,69.81242819,11,AVITI
FK12,100778,93226,93055,93099,92197,87867,87.18867213,12,AVITI
FK13,73946,55929,55846,55824,55543,53654,72.55835339,13,AVITI
FK14,90001,71575,71472,71445,71170,69365,77.07136587,14,AVITI
FK15,97272,78156,77973,78048,77640,75752,77.8764701,15,AVITI
FK16,93408,63452,63264,63298,62841,60134,64.37778349,16,AVITI
FK17,83911,73826,73713,73742,73271,70360,83.85074662,17,AVITI
FK18,100356,89692,89626,89610,89297,85537,85.2335685,18,AVITI
FK19,93258,76069,75977,75986,75661,72839,78.10482747,19,AVITI
FK20,83164,61709,61603,61588,61289,59367,71.38545525,20,AVITI
FK21,72805,46899,46762,46715,46236,44231,60.75269556,21,AVITI
FK22,91533,77760,77682,77658,77172,74016,80.8626397,22,AVITI
FK23,79770,66338,66280,66259,66013,63457,79.54995612,23,AVITI
FK24,82530,64278,64174,64167,63913,62114,75.26232885,24,AVITI
FK25,77592,51328,51212,51173,50765,48938,63.07093515,25,AVITI
FK26,102674,73877,73660,73731,73105,70141,68.31427625,26,AVITI
FK27,115116,107827,107681,107615,106668,95494,82.95458494,27,AVITI
FK28,89571,75421,75261,75312,74710,71362,79.67087562,28,AVITI
FK29,83251,63562,63446,63438,63094,60916,73.17149344,29,AVITI
FK30,102967,73050,72889,72866,72406,69633,67.62652112,30,AVITI
FK31,84544,56865,56737,56706,56242,54279,64.20207229,31,AVITI
FK32,89008,83615,83491,83470,82861,76710,86.18326443,32,AVITI
FK33,83737,75018,74923,74913,74332,70900,84.6698592,33,AVITI
FK34,73385,66470,66388,66351,65828,62663,85.38938475,34,AVITI
FK35,112770,87344,87157,87236,86735,83096,73.68626408,35,AVITI
FK36,86494,59194,59030,59063,58616,56732,65.59067681,36,AVITI
FK37,83276,73132,73044,73027,72501,69032,82.89543206,37,AVITI
FK38,103020,90397,90266,90263,89627,85744,83.23044069,38,AVITI
FK39,93426,83124,83021,83018,82481,78989,84.54712821,39,AVITI
FK40,118647,98954,98767,98774,98086,93731,78.99989043,40,AVITI
FK41,100130,60714,60515,60497,59863,57839,57.76390692,41,AVITI
FK42,87337,79825,79677,79688,78891,75552,86.50629172,42,AVITI
FK43,99443,86910,86731,86770,86074,82297,82.75796185,43,AVITI
FK44,89957,75743,75571,75649,75190,72585,80.6885512,44,AVITI
FK45,111417,93378,93167,93266,92838,90242,80.99482126,45,AVITI
FK46,75496,49955,49830,49824,49276,46963,62.20594469,46,AVITI
FK47,98123,84376,84155,84225,83364,79608,81.1308256,47,AVITI
FK48,94336,85584,85436,85484,84623,80638,85.47956242,48,AVITI
FK49,84509,67471,67355,67368,66978,64720,76.58355915,49,AVITI
FK50,92235,63824,63701,63677,63318,60879,66.00422833,50,AVITI
FK51,109604,78632,78431,78499,77987,75839,69.19364257,51,AVITI
FK52,92841,85109,84964,84965,84295,80903,87.1414569,52,AVITI
FK53,74894,66414,66296,66338,65226,62421,83.34579539,53,AVITI
FK54,86628,73456,73337,73381,72645,69588,80.32968555,54,AVITI
FK55,85436,56549,56440,56423,56068,54518,63.81150803,55,AVITI
FK56,94188,63856,63726,63695,63244,61125,64.89680214,56,AVITI
FK57,100518,70874,70564,70625,69939,67452,67.10439921,57,AVITI
FK58,78579,51570,51429,51414,51045,49392,62.85648837,58,AVITI
FK59,85276,75452,75373,75362,74897,71354,83.67418734,59,AVITI
FK60,85630,74381,74282,74276,73703,70308,82.10673829,60,AVITI
FK61,94294,80738,80637,80593,80064,76548,81.18013872,61,AVITI
FK62,72982,49711,49577,49599,49251,47606,65.22978269,62,AVITI
FK63,94675,75726,75538,75603,75128,72003,76.05281225,63,AVITI
FK64,103402,88908,88820,88850,88578,85899,83.07286126,64,AVITI
FK65,115285,99615,99496,99546,99051,94183,81.69579737,65,AVITI
FK66,124656,105865,105715,105748,105117,100018,80.23520729,66,AVITI
FK67,103677,78476,78282,78277,77660,74690,72.04105057,67,AVITI
FK68,97049,77269,77098,77119,76584,74006,76.25632412,68,AVITI
FK69,106587,93361,93222,93186,92802,89299,83.78038598,69,AVITI
FK70,115991,96917,96707,96770,96153,91621,78.9897492,70,AVITI
FK71,98456,80105,79985,79891,79323,76822,78.02673275,71,AVITI
FK72,99694,74812,74641,74708,74200,71099,71.31723073,72,AVITI
FK73,100607,76764,76597,76662,76184,73137,72.69573688,73,AVITI
FK74,98625,72615,72462,72517,72009,68861,69.82103929,74,AVITI
FK75,101788,74554,74413,74432,73922,70334,69.09851849,75,AVITI
FK76,111155,81359,81174,81236,80587,76909,69.19076965,76,AVITI
FK77,93398,73311,73140,73225,72733,69514,74.42771794,77,AVITI
FK78,80986,62320,62185,62242,61823,59035,72.89531524,78,AVITI
FK79,81977,60337,60195,60230,59764,57203,69.77932835,79,AVITI
FK80,94892,73295,73161,73189,72783,69897,73.65952873,80,AVITI
FK81,98633,72975,72808,72856,72379,69217,70.17631016,81,AVITI
FK82,96090,72182,71979,72061,71622,69112,71.92423769,82,AVITI
FK83,123942,94758,94571,94562,93403,89606,72.29671943,83,AVITI
FK84,96894,75287,75026,75166,74594,71282,73.56699073,84,AVITI
FK85,77850,54313,54179,54208,53781,51047,65.57096981,85,AVITI
FK86,96120,68211,68045,68082,67543,64342,66.93924261,86,AVITI
FK87,88039,65545,65406,65451,64998,62190,70.63914856,87,AVITI
FK88,88911,65049,64912,64939,64448,61446,69.109559,88,AVITI
FK89,93424,65180,65029,65034,64598,61292,65.6062682,89,AVITI
FK90,32025,8685,8683,8683,8575,7218,22.53864169,90,AVITI
FK91,94421,82152,81954,82073,81687,78692,83.34162951,91,AVITI
FK92,28244,26879,26805,26878,26713,25565,90.5147996,92,AVITI
FK93,20283,18775,18775,18773,18622,18277,90.10994429,93,AVITI
FK94,34890,32925,32925,32829,32771,31458,90.16337059,94,AVITI
FK95,82129,14794,14758,14704,14644,14457,17.6027956,95,AVITI