order,sample_name,library,tag_sequence,primer_sequence_forward,primer_sequence_reverse,R1,R2,PlateID,sample_type,target_gene,replicate,eventDate,SAMPLING_cruise,SAMPLING_station_number,SAMPLING_bottle,SAMPLING_station,depth,decimalLatitude,decimalLongitude,SAMPLING_PI,SAMPLING_institute,SAMPLING_campaign,project_name,SAMPLING_platform,SAMPLING_platform_type,samp_collect_device,geo_loc_name,fluor,SAMPLING_rdepth,density,pressure,nitrate,chlorophyll,diss_oxygen,salinity,temp,samp_filter_ext_type,samp_filter_size_ext,env_broad_scale,env_local_scale,env_medium,ESP,SC,minimumDepthInMeters,maximumDepthInMeters,start_GMT,end_GMT,deployment_ID,date_PCR,DNA_concentration,PCR_settings,samp_vol_we_dna_ext,extraction_date,nucl_acid_ext,nucl_acid_amp,samp_store_temp,sop,pcr_primer_name_forward,pcr_primer_name_reverse,pcr_primer_reference,seq_meth,sequencing_facility,seqID,identificationRemarks,identificationReferences
1,14223c01_05c_eDNA,FD1,GATTCACGAC,GTACACACCGCCCGTC,TGATCCTTCTGCAGGTTCACCTAC,14223c01_05c_eDNA_S1_L001_R1_001.fastq.gz,14223c01_05c_eDNA_S1_L001_R2_001.fastq.gz,FD,environmental,18S,c,5/22/23 17:53,14223,1,5,MARS,300,36.711,-122.196,Francisco Chavez,MBARI,NA,Cannon,Rachel Carson,ship,NA,USA:California:Monterey Bay,0.1247,301.012,26.6553,303.469,37.857,-0.0994,1.0366,34.1852,7.8849,Poretics,0.22um,marine biome  (ENVO:00000447),coastal water (ENVO:00001250),waterborne particulate matter (ENVO:01000436),NA,NA,NA,NA,NA,NA,NA,NA,NA,NA,NA,NA,NA,NA,-80,NA,,,,NGS Illumina Miseq,MSU,14223c01_05c_eDNA_FD,NA,NA
2,14223c01_07c_eDNA,FD2,AGAACCTCGC,GTACACACCGCCCGTC,TGATCCTTCTGCAGGTTCACCTAC,14223c01_07c_eDNA_S2_L001_R1_001.fastq.gz,14223c01_07c_eDNA_S2_L001_R2_001.fastq.gz,FD,environmental,18S,c,5/22/23 17:53,14223,1,7,MARS,200,36.711,-122.196,Francisco Chavez,MBARI,NA,Cannon,Rachel Carson,ship,NA,USA:California:Monterey Bay,0.1296,202.055,26.5257,203.656,27.967,-0.0468,1.3929,34.1371,8.4879,Poretics,0.22um,marine biome  (ENVO:00000447),coastal water (ENVO:00001250),waterborne particulate matter (ENVO:01000436),NA,NA,NA,NA,NA,NA,NA,NA,NA,NA,NA,NA,NA,NA,-80,NA,,,,NGS Illumina Miseq,MSU,14223c01_07c_eDNA_FD,NA,NA
3,14223c01_06c_eDNA,FD3,ATCCGATCTT,GTACACACCGCCCGTC,TGATCCTTCTGCAGGTTCACCTAC,14223c01_06c_eDNA_S3_L001_R1_001.fastq.gz,14223c01_06c_eDNA_S3_L001_R2_001.fastq.gz,FD,environmental,18S,c,5/22/23 17:53,14223,1,6,MARS,250,36.711,-122.196,Francisco Chavez,MBARI,NA,Cannon,Rachel Carson,ship,NA,USA:California:Monterey Bay,0.1266,251.868,26.5679,253.894,31.056,-0.0791,1.2635,34.1584,8.3253,Poretics,0.22um,marine biome  (ENVO:00000447),coastal water (ENVO:00001250),waterborne particulate matter (ENVO:01000436),NA,NA,NA,NA,NA,NA,NA,NA,NA,NA,NA,NA,NA,NA,-80,NA,,,,NGS Illumina Miseq,MSU,14223c01_06c_eDNA_FD,NA,NA
4,14223c01_10c_eDNA,FD4,AGAGAGACCG,GTACACACCGCCCGTC,TGATCCTTCTGCAGGTTCACCTAC,14223c01_10c_eDNA_S4_L001_R1_001.fastq.gz,14223c01_10c_eDNA_S4_L001_R2_001.fastq.gz,FD,environmental,18S,c,5/22/23 17:53,14223,1,10,MARS,20,36.711,-122.196,Francisco Chavez,MBARI,NA,Cannon,Rachel Carson,ship,NA,USA:California:Monterey Bay,0.2989,21.024,25.1101,21.181,7.481,1.7658,6.0492,33.2522,12.6401,Poretics,0.22um,marine biome  (ENVO:00000447),coastal water (ENVO:00001250),waterborne particulate matter (ENVO:01000436),NA,NA,NA,NA,NA,NA,NA,NA,NA,NA,NA,NA,NA,NA,-80,NA,,,,NGS Illumina Miseq,MSU,14223c01_10c_eDNA_FD,NA,NA
5,14223c01_04c_eDNA,FD5,CTTGAAGAGG,GTACACACCGCCCGTC,TGATCCTTCTGCAGGTTCACCTAC,14223c01_04c_eDNA_S5_L001_R1_001.fastq.gz,14223c01_04c_eDNA_S5_L001_R2_001.fastq.gz,FD,environmental,18S,c,5/22/23 17:53,14223,1,4,MARS,400,36.711,-122.196,Francisco Chavez,MBARI,NA,Cannon,Rachel Carson,ship,NA,USA:California:Monterey Bay,0.1239,401.441,26.7393,404.817,39.831,-0.1082,0.8192,34.1991,7.3874,Poretics,0.22um,marine biome  (ENVO:00000447),coastal water (ENVO:00001250),waterborne particulate matter (ENVO:01000436),NA,NA,NA,NA,NA,NA,NA,NA,NA,NA,NA,NA,NA,NA,-80,NA,,,,NGS Illumina Miseq,MSU,14223c01_04c_eDNA_FD,NA,NA
6,14223c01_09c_eDNA,FD6,GAGAAGCCGT,GTACACACCGCCCGTC,TGATCCTTCTGCAGGTTCACCTAC,14223c01_09c_eDNA_S6_L001_R1_001.fastq.gz,14223c01_09c_eDNA_S6_L001_R2_001.fastq.gz,FD,environmental,18S,c,5/22/23 17:53,14223,1,9,MARS,60,36.711,-122.196,Francisco Chavez,MBARI,NA,Cannon,Rachel Carson,ship,NA,USA:California:Monterey Bay,0.1403,61.34,26.0385,61.805,25.001,0.0674,3.4987,33.8392,10.0487,Poretics,0.22um,marine biome  (ENVO:00000447),coastal water (ENVO:00001250),waterborne particulate matter (ENVO:01000436),NA,NA,NA,NA,NA,NA,NA,NA,NA,NA,NA,NA,NA,NA,-80,NA,,,,NGS Illumina Miseq,MSU,14223c01_09c_eDNA_FD,NA,NA
7,14223c01_02c_eDNA,FD7,GAAGACTCGG,GTACACACCGCCCGTC,TGATCCTTCTGCAGGTTCACCTAC,14223c01_02c_eDNA_S7_L001_R1_001.fastq.gz,14223c01_02c_eDNA_S7_L001_R2_001.fastq.gz,FD,environmental,18S,c,5/22/23 17:53,14223,1,2,MARS,600,36.711,-122.196,Francisco Chavez,MBARI,NA,Cannon,Rachel Carson,ship,NA,USA:California:Monterey Bay,0.1242,601.895,26.9458,607.252,43.736,-0.1048,0.3844,34.2505,6.1689,Poretics,0.22um,marine biome  (ENVO:00000447),coastal water (ENVO:00001250),waterborne particulate matter (ENVO:01000436),NA,NA,NA,NA,NA,NA,NA,NA,NA,NA,NA,NA,NA,NA,-80,NA,,,,NGS Illumina Miseq,MSU,14223c01_02c_eDNA_FD,NA,NA
8,14223c01_01c_eDNA,FD8,AACGTGAACG,GTACACACCGCCCGTC,TGATCCTTCTGCAGGTTCACCTAC,14223c01_01c_eDNA_S8_L001_R1_001.fastq.gz,14223c01_01c_eDNA_S8_L001_R2_001.fastq.gz,FD,environmental,18S,c,5/22/23 17:53,14223,1,1,MARS,700,36.711,-122.196,Francisco Chavez,MBARI,NA,Cannon,Rachel Carson,ship,NA,USA:California:Monterey Bay,0.128,699.856,27.1194,706.253,46.121,-0.0637,0.2595,34.3191,5.1966,Poretics,0.22um,marine biome  (ENVO:00000447),coastal water (ENVO:00001250),waterborne particulate matter (ENVO:01000436),NA,NA,NA,NA,NA,NA,NA,NA,NA,NA,NA,NA,NA,NA,-80,NA,,,,NGS Illumina Miseq,MSU,14223c01_01c_eDNA_FD,NA,NA
9,14223c01_03c_eDNA,FD9,CGTAGAACAG,GTACACACCGCCCGTC,TGATCCTTCTGCAGGTTCACCTAC,14223c01_03c_eDNA_S9_L001_R1_001.fastq.gz,14223c01_03c_eDNA_S9_L001_R2_001.fastq.gz,FD,environmental,18S,c,5/22/23 17:53,14223,1,3,MARS,500,36.711,-122.196,Francisco Chavez,MBARI,NA,Cannon,Rachel Carson,ship,NA,USA:California:Monterey Bay,0.1235,500.926,26.8855,505.26,35.907,-0.112,0.504,34.2243,6.4669,Poretics,0.22um,marine biome  (ENVO:00000447),coastal water (ENVO:00001250),waterborne particulate matter (ENVO:01000436),NA,NA,NA,NA,NA,NA,NA,NA,NA,NA,NA,NA,NA,NA,-80,NA,,,,NGS Illumina Miseq,MSU,14223c01_03c_eDNA_FD,NA,NA
10,14223c01_12c_eDNA,FD10,CCTACGGACA,GTACACACCGCCCGTC,TGATCCTTCTGCAGGTTCACCTAC,14223c01_12c_eDNA_S10_L001_R1_001.fastq.gz,14223c01_12c_eDNA_S10_L001_R2_001.fastq.gz,FD,environmental,18S,c,5/22/23 17:53,14223,1,12,MARS,0,36.711,-122.196,Francisco Chavez,MBARI,NA,Cannon,Rachel Carson,ship,NA,USA:California:Monterey Bay,0.241,3.112,25.0996,3.135,6.645,1.1456,6.0942,33.2531,12.6957,Poretics,0.22um,marine biome  (ENVO:00000447),coastal water (ENVO:00001250),waterborne particulate matter (ENVO:01000436),NA,NA,NA,NA,NA,NA,NA,NA,NA,NA,NA,NA,NA,NA,-80,NA,,,,NGS Illumina Miseq,MSU,14223c01_12c_eDNA_FD,NA,NA
11,14223c01_08c_eDNA,FD11,CGGACGTTAA,GTACACACCGCCCGTC,TGATCCTTCTGCAGGTTCACCTAC,14223c01_08c_eDNA_S11_L001_R1_001.fastq.gz,14223c01_08c_eDNA_S11_L001_R2_001.fastq.gz,FD,environmental,18S,c,5/22/23 17:53,14223,1,8,MARS,100,36.711,-122.196,Francisco Chavez,MBARI,NA,Cannon,Rachel Carson,ship,NA,USA:California:Monterey Bay,0.132,101.114,26.2686,101.89,23.505,-0.0212,2.4491,33.9602,9.2321,Poretics,0.22um,marine biome  (ENVO:00000447),coastal water (ENVO:00001250),waterborne particulate matter (ENVO:01000436),NA,NA,NA,NA,NA,NA,NA,NA,NA,NA,NA,NA,NA,NA,-80,NA,,,,NGS Illumina Miseq,MSU,14223c01_08c_eDNA_FD,NA,NA
12,25424c01_12c_eDNA,FD12,CATTGCTGTT,GTACACACCGCCCGTC,TGATCCTTCTGCAGGTTCACCTAC,25424c01_12c_eDNA_S12_L001_R1_001.fastq.gz,25424c01_12c_eDNA_S12_L001_R2_001.fastq.gz,FD,environmental,18S,c,9/10/24 14:48,25424,1,12,c1,0,36.7975,-121.8475,Francisco Chavez,MBARI,NA,PTLO,Rachel Carson,ship,NA,USA:California:Monterey Bay,0.4445,3.072,25.0484,3.094,NA,3.3251,5.8805,33.8047,15.01,Poretics,0.22um,marine biome  (ENVO:00000447),coastal water (ENVO:00001250),waterborne particulate matter (ENVO:01000436),NA,NA,NA,NA,NA,NA,NA,NA,NA,NA,NA,NA,NA,NA,-80,NA,,,,NGS Illumina Miseq,MSU,25424c01_12c_eDNA_FD,NA,NA
13,25424c01_10c_eDNA,FD13,AGATGCGACG,GTACACACCGCCCGTC,TGATCCTTCTGCAGGTTCACCTAC,25424c01_10c_eDNA_S13_L001_R1_001.fastq.gz,25424c01_10c_eDNA_S13_L001_R2_001.fastq.gz,FD,environmental,18S,c,9/10/24 14:48,25424,1,10,c1,10,36.7975,-121.8475,Francisco Chavez,MBARI,NA,PTLO,Rachel Carson,ship,NA,USA:California:Monterey Bay,0.1997,10.238,25.6966,10.314,NA,0.7041,3.9941,33.8077,11.8235,Poretics,0.22um,marine biome  (ENVO:00000447),coastal water (ENVO:00001250),waterborne particulate matter (ENVO:01000436),NA,NA,NA,NA,NA,NA,NA,NA,NA,NA,NA,NA,NA,NA,-80,NA,,,,NGS Illumina Miseq,MSU,25424c01_10c_eDNA_FD,NA,NA
14,25424c01_09c_eDNA,FD14,ATACATCGCA,GTACACACCGCCCGTC,TGATCCTTCTGCAGGTTCACCTAC,25424c01_09c_eDNA_S14_L001_R1_001.fastq.gz,25424c01_09c_eDNA_S14_L001_R2_001.fastq.gz,FD,environmental,18S,c,9/10/24 14:48,25424,1,9,c1,20,36.7975,-121.8475,Francisco Chavez,MBARI,NA,PTLO,Rachel Carson,ship,NA,USA:California:Monterey Bay,0.1741,20.421,25.8362,20.574,NA,0.4298,3.4435,33.8352,11.1818,Poretics,0.22um,marine biome  (ENVO:00000447),coastal water (ENVO:00001250),waterborne particulate matter (ENVO:01000436),NA,NA,NA,NA,NA,NA,NA,NA,NA,NA,NA,NA,NA,NA,-80,NA,,,,NGS Illumina Miseq,MSU,25424c01_09c_eDNA_FD,NA,NA
15,25424c01_06c_eDNA,FD15,TAGCGCAATA,GTACACACCGCCCGTC,TGATCCTTCTGCAGGTTCACCTAC,25424c01_06c_eDNA_S15_L001_R1_001.fastq.gz,25424c01_06c_eDNA_S15_L001_R2_001.fastq.gz,FD,environmental,18S,c,9/10/24 14:48,25424,1,6,c1,60,36.7975,-121.8475,Francisco Chavez,MBARI,NA,PTLO,Rachel Carson,ship,NA,USA:California:Monterey Bay,0.138,59.967,26.0666,60.422,NA,0.0431,2.0678,33.918,10.2451,Poretics,0.22um,marine biome  (ENVO:00000447),coastal water (ENVO:00001250),waterborne particulate matter (ENVO:01000436),NA,NA,NA,NA,NA,NA,NA,NA,NA,NA,NA,NA,NA,NA,-80,NA,,,,NGS Illumina Miseq,MSU,25424c01_06c_eDNA_FD,NA,NA
16,25424c01_03c_eDNA,FD16,TAACGCAGTC,GTACACACCGCCCGTC,TGATCCTTCTGCAGGTTCACCTAC,25424c01_03c_eDNA_S16_L001_R1_001.fastq.gz,25424c01_03c_eDNA_S16_L001_R2_001.fastq.gz,FD,environmental,18S,c,9/10/24 14:48,25424,1,3,c1,150,36.7975,-121.8475,Francisco Chavez,MBARI,NA,PTLO,Rachel Carson,ship,NA,USA:California:Monterey Bay,0.1356,149.061,26.3645,150.223,NA,0.0169,1.1609,34.047,9.062,Poretics,0.22um,marine biome  (ENVO:00000447),coastal water (ENVO:00001250),waterborne particulate matter (ENVO:01000436),NA,NA,NA,NA,NA,NA,NA,NA,NA,NA,NA,NA,NA,NA,-80,NA,,,,NGS Illumina Miseq,MSU,25424c01_03c_eDNA_FD,NA,NA
17,25424c02_12c_eDNA,FD17,ACCTAAGAGC,GTACACACCGCCCGTC,TGATCCTTCTGCAGGTTCACCTAC,25424c02_12c_eDNA_S17_L001_R1_001.fastq.gz,25424c02_12c_eDNA_S17_L001_R2_001.fastq.gz,FD,environmental,18S,c,9/10/24 16:26,25424,2,12,Mooring1,0,36.7465,-122.0202,Francisco Chavez,MBARI,NA,PTLO,Rachel Carson,ship,NA,USA:California:Monterey Bay,0.4342,3.087,25.1026,3.11,NA,3.2152,5.9011,33.7859,14.6922,Poretics,0.22um,marine biome  (ENVO:00000447),coastal water (ENVO:00001250),waterborne particulate matter (ENVO:01000436),NA,NA,NA,NA,NA,NA,NA,NA,NA,NA,NA,NA,NA,NA,-80,NA,,,,NGS Illumina Miseq,MSU,25424c02_12c_eDNA_FD,NA,NA
18,25424c02_10c_eDNA,FD18,AGGCATAATG,GTACACACCGCCCGTC,TGATCCTTCTGCAGGTTCACCTAC,25424c02_10c_eDNA_S18_L001_R1_001.fastq.gz,25424c02_10c_eDNA_S18_L001_R2_001.fastq.gz,FD,environmental,18S,c,9/10/24 16:26,25424,2,10,Mooring1,10,36.7465,-122.0202,Francisco Chavez,MBARI,NA,PTLO,Rachel Carson,ship,NA,USA:California:Monterey Bay,0.5224,10.18,25.22,10.255,NA,4.1594,5.6191,33.7692,14.0783,Poretics,0.22um,marine biome  (ENVO:00000447),coastal water (ENVO:00001250),waterborne particulate matter (ENVO:01000436),NA,NA,NA,NA,NA,NA,NA,NA,NA,NA,NA,NA,NA,NA,-80,NA,,,,NGS Illumina Miseq,MSU,25424c02_10c_eDNA_FD,NA,NA
19,25424c02_09c_eDNA,FD19,GATCGGTAAT,GTACACACCGCCCGTC,TGATCCTTCTGCAGGTTCACCTAC,25424c02_09c_eDNA_S19_L001_R1_001.fastq.gz,25424c02_09c_eDNA_S19_L001_R2_001.fastq.gz,FD,environmental,18S,c,9/10/24 16:26,25424,2,9,Mooring1,20,36.7465,-122.0202,Francisco Chavez,MBARI,NA,PTLO,Rachel Carson,ship,NA,USA:California:Monterey Bay,0.2879,20.181,25.6007,20.332,NA,1.6478,4.0424,33.758,12.1278,Poretics,0.22um,marine biome  (ENVO:00000447),coastal water (ENVO:00001250),waterborne particulate matter (ENVO:01000436),NA,NA,NA,NA,NA,NA,NA,NA,NA,NA,NA,NA,NA,NA,-80,NA,,,,NGS Illumina Miseq,MSU,25424c02_09c_eDNA_FD,NA,NA
20,25424c02_06c_eDNA,FD20,GCAACACGGA,GTACACACCGCCCGTC,TGATCCTTCTGCAGGTTCACCTAC,25424c02_06c_eDNA_S20_L001_R1_001.fastq.gz,25424c02_06c_eDNA_S20_L001_R2_001.fastq.gz,FD,environmental,18S,c,9/10/24 16:26,25424,2,6,Mooring1,60,36.7465,-122.0202,Francisco Chavez,MBARI,NA,PTLO,Rachel Carson,ship,NA,USA:California:Monterey Bay,0.1333,60.456,26.0483,60.914,NA,-0.0074,2.187,33.8969,10.2553,Poretics,0.22um,marine biome  (ENVO:00000447),coastal water (ENVO:00001250),waterborne particulate matter (ENVO:01000436),NA,NA,NA,NA,NA,NA,NA,NA,NA,NA,NA,NA,NA,NA,-80,NA,,,,NGS Illumina Miseq,MSU,25424c02_06c_eDNA_FD,NA,NA
21,25424c02_03c_eDNA,FD21,GAACGTTCGG,GTACACACCGCCCGTC,TGATCCTTCTGCAGGTTCACCTAC,25424c02_03c_eDNA_S21_L001_R1_001.fastq.gz,25424c02_03c_eDNA_S21_L001_R2_001.fastq.gz,FD,environmental,18S,c,9/10/24 16:26,25424,2,3,Mooring1,150,36.7465,-122.0202,Francisco Chavez,MBARI,NA,PTLO,Rachel Carson,ship,NA,USA:California:Monterey Bay,0.1293,150.486,26.2959,151.659,NA,-0.0498,1.4903,34.0379,9.4442,Poretics,0.22um,marine biome  (ENVO:00000447),coastal water (ENVO:00001250),waterborne particulate matter (ENVO:01000436),NA,NA,NA,NA,NA,NA,NA,NA,NA,NA,NA,NA,NA,NA,-80,NA,,,,NGS Illumina Miseq,MSU,25424c02_03c_eDNA_FD,NA,NA
22,25424c03_12c_eDNA,FD22,TGCTGAACGC,GTACACACCGCCCGTC,TGATCCTTCTGCAGGTTCACCTAC,25424c03_12c_eDNA_S22_L001_R1_001.fastq.gz,25424c03_12c_eDNA_S22_L001_R2_001.fastq.gz,FD,environmental,18S,c,9/10/24 19:04,25424,3,12,Mooring2,0,36.695,-122.3813,Francisco Chavez,MBARI,NA,PTLO,Rachel Carson,ship,NA,USA:California:Monterey Bay,0.5831,2.626,25.1923,2.646,NA,4.8098,6.5254,33.6627,13.8142,Poretics,0.22um,marine biome  (ENVO:00000447),coastal water (ENVO:00001250),waterborne particulate matter (ENVO:01000436),NA,NA,NA,NA,NA,NA,NA,NA,NA,NA,NA,NA,NA,NA,-80,NA,,,,NGS Illumina Miseq,MSU,25424c03_12c_eDNA_FD,NA,NA
23,25424c03_10c_eDNA,FD23,TTAGACCACA,GTACACACCGCCCGTC,TGATCCTTCTGCAGGTTCACCTAC,25424c03_10c_eDNA_S23_L001_R1_001.fastq.gz,25424c03_10c_eDNA_S23_L001_R2_001.fastq.gz,FD,environmental,18S,c,9/10/24 19:04,25424,3,10,Mooring2,10,36.695,-122.3813,Francisco Chavez,MBARI,NA,PTLO,Rachel Carson,ship,NA,USA:California:Monterey Bay,0.7405,10.316,25.4318,10.392,NA,6.4959,5.4528,33.7459,12.9488,Poretics,0.22um,marine biome  (ENVO:00000447),coastal water (ENVO:00001250),waterborne particulate matter (ENVO:01000436),NA,NA,NA,NA,NA,NA,NA,NA,NA,NA,NA,NA,NA,NA,-80,NA,,,,NGS Illumina Miseq,MSU,25424c03_10c_eDNA_FD,NA,NA
24,25424c03_09c_eDNA,FD24,CCATAAGCCA,GTACACACCGCCCGTC,TGATCCTTCTGCAGGTTCACCTAC,25424c03_09c_eDNA_S24_L001_R1_001.fastq.gz,25424c03_09c_eDNA_S24_L001_R2_001.fastq.gz,FD,environmental,18S,c,9/10/24 19:04,25424,3,9,Mooring2,20,36.695,-122.3813,Francisco Chavez,MBARI,NA,PTLO,Rachel Carson,ship,NA,USA:California:Monterey Bay,0.1912,20.289,25.56,20.441,NA,0.6123,4.4551,33.6052,11.7133,Poretics,0.22um,marine biome  (ENVO:00000447),coastal water (ENVO:00001250),waterborne particulate matter (ENVO:01000436),NA,NA,NA,NA,NA,NA,NA,NA,NA,NA,NA,NA,NA,NA,-80,NA,,,,NGS Illumina Miseq,MSU,25424c03_09c_eDNA_FD,NA,NA
25,25424c03_06c_eDNA,FD25,ATGGCTTCTA,GTACACACCGCCCGTC,TGATCCTTCTGCAGGTTCACCTAC,25424c03_06c_eDNA_S25_L001_R1_001.fastq.gz,25424c03_06c_eDNA_S25_L001_R2_001.fastq.gz,FD,environmental,18S,c,9/10/24 19:04,25424,3,6,Mooring2,60,36.695,-122.3813,Francisco Chavez,MBARI,NA,PTLO,Rachel Carson,ship,NA,USA:California:Monterey Bay,0.1307,60.038,26.0261,60.493,NA,-0.0354,2.0215,33.8599,10.2163,Poretics,0.22um,marine biome  (ENVO:00000447),coastal water (ENVO:00001250),waterborne particulate matter (ENVO:01000436),NA,NA,NA,NA,NA,NA,NA,NA,NA,NA,NA,NA,NA,NA,-80,NA,,,,NGS Illumina Miseq,MSU,25424c03_06c_eDNA_FD,NA,NA
26,25424c03_03c_eDNA,FD26,CAACAGTGGA,GTACACACCGCCCGTC,TGATCCTTCTGCAGGTTCACCTAC,25424c03_03c_eDNA_S26_L001_R1_001.fastq.gz,25424c03_03c_eDNA_S26_L001_R2_001.fastq.gz,FD,environmental,18S,c,9/10/24 19:04,25424,3,3,Mooring2,150,36.695,-122.3813,Francisco Chavez,MBARI,NA,PTLO,Rachel Carson,ship,NA,USA:California:Monterey Bay,0.1281,149.85,26.2385,151.017,NA,-0.0634,1.5513,34.0117,9.6688,Poretics,0.22um,marine biome  (ENVO:00000447),coastal water (ENVO:00001250),waterborne particulate matter (ENVO:01000436),NA,NA,NA,NA,NA,NA,NA,NA,NA,NA,NA,NA,NA,NA,-80,NA,,,,NGS Illumina Miseq,MSU,25424c03_03c_eDNA_FD,NA,NA
27,22624c01_12c_eDNA,FD27,ACGATGCAAC,GTACACACCGCCCGTC,TGATCCTTCTGCAGGTTCACCTAC,22624c01_12c_eDNA_S27_L001_R1_001.fastq.gz,22624c01_12c_eDNA_S27_L001_R2_001.fastq.gz,FD,environmental,18S,c,8/13/24 15:53,22624,1,12,C1,0,36.7973,-121.847,Francisco Chavez,MBARI,NA,PTLO,RACHEL CARSON,ship,NA,USA:California:Monterey Bay,0.9688,3.164,25.6757,3.187,NA,8.941,5.5359,33.8171,11.9723,Poretics,0.22um,marine biome  (ENVO:00000447),coastal water (ENVO:00001250),waterborne particulate matter (ENVO:01000436),NA,NA,NA,NA,NA,NA,NA,NA,NA,NA,NA,NA,NA,NA,-80,NA,,,,NGS Illumina Miseq,MSU,22624c01_12c_eDNA_FD,NA,NA
28,22624c01_10c_eDNA,FD28,TCACTTCGCA,GTACACACCGCCCGTC,TGATCCTTCTGCAGGTTCACCTAC,22624c01_10c_eDNA_S28_L001_R1_001.fastq.gz,22624c01_10c_eDNA_S28_L001_R2_001.fastq.gz,FD,environmental,18S,c,8/13/24 15:53,22624,1,10,C1,10,36.7973,-121.847,Francisco Chavez,MBARI,NA,PTLO,RACHEL CARSON,ship,NA,USA:California:Monterey Bay,0.6882,11.021,25.7897,11.103,NA,5.9354,4.1396,33.8282,11.4065,Poretics,0.22um,marine biome  (ENVO:00000447),coastal water (ENVO:00001250),waterborne particulate matter (ENVO:01000436),NA,NA,NA,NA,NA,NA,NA,NA,NA,NA,NA,NA,NA,NA,-80,NA,,,,NGS Illumina Miseq,MSU,22624c01_10c_eDNA_FD,NA,NA
29,22624c01_09c_eDNA,FD29,AACGCCATTC,GTACACACCGCCCGTC,TGATCCTTCTGCAGGTTCACCTAC,22624c01_09c_eDNA_S29_L001_R1_001.fastq.gz,22624c01_09c_eDNA_S29_L001_R2_001.fastq.gz,FD,environmental,18S,c,8/13/24 15:53,22624,1,9,C1,20,36.7973,-121.847,Francisco Chavez,MBARI,NA,PTLO,RACHEL CARSON,ship,NA,USA:California:Monterey Bay,0.1488,20.8,26.0656,20.955,NA,0.1589,2.1549,33.8705,10.0285,Poretics,0.22um,marine biome  (ENVO:00000447),coastal water (ENVO:00001250),waterborne particulate matter (ENVO:01000436),NA,NA,NA,NA,NA,NA,NA,NA,NA,NA,NA,NA,NA,NA,-80,NA,,,,NGS Illumina Miseq,MSU,22624c01_09c_eDNA_FD,NA,NA
30,22624c01_06c_eDNA,FD30,CTTCCTAGGC,GTACACACCGCCCGTC,TGATCCTTCTGCAGGTTCACCTAC,22624c01_06c_eDNA_S30_L001_R1_001.fastq.gz,22624c01_06c_eDNA_S30_L001_R2_001.fastq.gz,FD,environmental,18S,c,8/13/24 15:53,22624,1,6,C1,60,36.7973,-121.847,Francisco Chavez,MBARI,NA,PTLO,RACHEL CARSON,ship,NA,USA:California:Monterey Bay,0.1326,61.245,26.2464,61.709,NA,-0.0148,1.5823,33.9986,9.5484,Poretics,0.22um,marine biome  (ENVO:00000447),coastal water (ENVO:00001250),waterborne particulate matter (ENVO:01000436),NA,NA,NA,NA,NA,NA,NA,NA,NA,NA,NA,NA,NA,NA,-80,NA,,,,NGS Illumina Miseq,MSU,22624c01_06c_eDNA_FD,NA,NA
31,22624c01_03c_eDNA,FD31,CGTAGACGTG,GTACACACCGCCCGTC,TGATCCTTCTGCAGGTTCACCTAC,22624c01_03c_eDNA_S31_L001_R1_001.fastq.gz,22624c01_03c_eDNA_S31_L001_R2_001.fastq.gz,FD,environmental,18S,c,8/13/24 15:53,22624,1,3,C1,150,36.7973,-121.847,Francisco Chavez,MBARI,NA,PTLO,RACHEL CARSON,ship,NA,USA:California:Monterey Bay,0.1305,150.604,26.437,151.779,NA,-0.037,1.3372,34.0616,8.674,Poretics,0.22um,marine biome  (ENVO:00000447),coastal water (ENVO:00001250),waterborne particulate matter (ENVO:01000436),NA,NA,NA,NA,NA,NA,NA,NA,NA,NA,NA,NA,NA,NA,-80,NA,,,,NGS Illumina Miseq,MSU,22624c01_03c_eDNA_FD,NA,NA
32,22624c02_12c_eDNA,FD32,GTGCCTCTGA,GTACACACCGCCCGTC,TGATCCTTCTGCAGGTTCACCTAC,22624c02_12c_eDNA_S32_L001_R1_001.fastq.gz,22624c02_12c_eDNA_S32_L001_R2_001.fastq.gz,FD,environmental,18S,c,8/13/24 17:36,22624,2,12,MOORING1,0,36.7472,-122.0217,Francisco Chavez,MBARI,NA,PTLO,RACHEL CARSON,ship,NA,USA:California:Monterey Bay,0.2675,2.958,25.4541,2.979,NA,1.4298,5.5156,33.7542,12.8679,Poretics,0.22um,marine biome  (ENVO:00000447),coastal water (ENVO:00001250),waterborne particulate matter (ENVO:01000436),NA,NA,NA,NA,NA,NA,NA,NA,NA,NA,NA,NA,NA,NA,-80,NA,,,,NGS Illumina Miseq,MSU,22624c02_12c_eDNA_FD,NA,NA
33,22624c02_10c_eDNA,FD33,TACCTAAGTG,GTACACACCGCCCGTC,TGATCCTTCTGCAGGTTCACCTAC,22624c02_10c_eDNA_S33_L001_R1_001.fastq.gz,22624c02_10c_eDNA_S33_L001_R2_001.fastq.gz,FD,environmental,18S,c,8/13/24 17:36,22624,2,10,MOORING1,10,36.7472,-122.0217,Francisco Chavez,MBARI,NA,PTLO,RACHEL CARSON,ship,NA,USA:California:Monterey Bay,0.6195,10.591,25.5357,10.67,NA,5.1999,5.446,33.7655,12.4964,Poretics,0.22um,marine biome  (ENVO:00000447),coastal water (ENVO:00001250),waterborne particulate matter (ENVO:01000436),NA,NA,NA,NA,NA,NA,NA,NA,NA,NA,NA,NA,NA,NA,-80,NA,,,,NGS Illumina Miseq,MSU,22624c02_10c_eDNA_FD,NA,NA
34,22624c02_09c_eDNA,FD34,TGTCGTTAAG,GTACACACCGCCCGTC,TGATCCTTCTGCAGGTTCACCTAC,22624c02_09c_eDNA_S34_L001_R1_001.fastq.gz,22624c02_09c_eDNA_S34_L001_R2_001.fastq.gz,FD,environmental,18S,c,8/13/24 17:36,22624,2,9,MOORING1,20,36.7472,-122.0217,Francisco Chavez,MBARI,NA,PTLO,RACHEL CARSON,ship,NA,USA:California:Monterey Bay,0.8802,20.485,25.6475,20.638,NA,7.9923,5.0903,33.8058,12.0772,Poretics,0.22um,marine biome  (ENVO:00000447),coastal water (ENVO:00001250),waterborne particulate matter (ENVO:01000436),NA,NA,NA,NA,NA,NA,NA,NA,NA,NA,NA,NA,NA,NA,-80,NA,,,,NGS Illumina Miseq,MSU,22624c02_09c_eDNA_FD,NA,NA
35,22624c02_06c_eDNA,FD35,AACGTCCAGT,GTACACACCGCCCGTC,TGATCCTTCTGCAGGTTCACCTAC,22624c02_06c_eDNA_S35_L001_R1_001.fastq.gz,22624c02_06c_eDNA_S35_L001_R2_001.fastq.gz,FD,environmental,18S,c,8/13/24 17:36,22624,2,6,MOORING1,60,36.7472,-122.0217,Francisco Chavez,MBARI,NA,PTLO,RACHEL CARSON,ship,NA,USA:California:Monterey Bay,0.1412,60.306,26.0722,60.763,NA,0.0775,2.2572,33.8953,10.1082,Poretics,0.22um,marine biome  (ENVO:00000447),coastal water (ENVO:00001250),waterborne particulate matter (ENVO:01000436),NA,NA,NA,NA,NA,NA,NA,NA,NA,NA,NA,NA,NA,NA,-80,NA,,,,NGS Illumina Miseq,MSU,22624c02_06c_eDNA_FD,NA,NA
36,22624c02_03c_eDNA,FD36,AATAGCTGTG,GTACACACCGCCCGTC,TGATCCTTCTGCAGGTTCACCTAC,22624c02_03c_eDNA_S36_L001_R1_001.fastq.gz,22624c02_03c_eDNA_S36_L001_R2_001.fastq.gz,FD,environmental,18S,c,8/13/24 17:36,22624,2,3,MOORING1,150,36.7472,-122.0217,Francisco Chavez,MBARI,NA,PTLO,RACHEL CARSON,ship,NA,USA:California:Monterey Bay,0.1275,150.696,26.3675,151.871,NA,-0.0698,1.588,34.1,9.3023,Poretics,0.22um,marine biome  (ENVO:00000447),coastal water (ENVO:00001250),waterborne particulate matter (ENVO:01000436),NA,NA,NA,NA,NA,NA,NA,NA,NA,NA,NA,NA,NA,NA,-80,NA,,,,NGS Illumina Miseq,MSU,22624c02_03c_eDNA_FD,NA,NA
37,22624c03_12c_eDNA,FD37,TCCTGAACTT,GTACACACCGCCCGTC,TGATCCTTCTGCAGGTTCACCTAC,22624c03_12c_eDNA_S37_L001_R1_001.fastq.gz,22624c03_12c_eDNA_S37_L001_R2_001.fastq.gz,FD,environmental,18S,c,8/13/24 20:07,22624,3,12,MOORING2,0,36.6968,-122.3775,Francisco Chavez,MBARI,NA,PTLO,RACHEL CARSON,ship,NA,USA:California:Monterey Bay,0.239,3.292,25.3035,3.316,NA,1.125,5.7844,33.72,13.4873,Poretics,0.22um,marine biome  (ENVO:00000447),coastal water (ENVO:00001250),waterborne particulate matter (ENVO:01000436),NA,NA,NA,NA,NA,NA,NA,NA,NA,NA,NA,NA,NA,NA,-80,NA,,,,NGS Illumina Miseq,MSU,22624c03_12c_eDNA_FD,NA,NA
38,22624c03_10c_eDNA,FD38,CGTTGGTAAC,GTACACACCGCCCGTC,TGATCCTTCTGCAGGTTCACCTAC,22624c03_10c_eDNA_S38_L001_R1_001.fastq.gz,22624c03_10c_eDNA_S38_L001_R2_001.fastq.gz,FD,environmental,18S,c,8/13/24 20:07,22624,3,10,MOORING2,10,36.6968,-122.3775,Francisco Chavez,MBARI,NA,PTLO,RACHEL CARSON,ship,NA,USA:California:Monterey Bay,0.5493,10.795,25.4209,10.875,NA,4.4473,5.9201,33.7393,12.9779,Poretics,0.22um,marine biome  (ENVO:00000447),coastal water (ENVO:00001250),waterborne particulate matter (ENVO:01000436),NA,NA,NA,NA,NA,NA,NA,NA,NA,NA,NA,NA,NA,NA,-80,NA,,,,NGS Illumina Miseq,MSU,22624c03_10c_eDNA_FD,NA,NA
39,22624c03_09c_eDNA,FD39,TCACTGGACT,GTACACACCGCCCGTC,TGATCCTTCTGCAGGTTCACCTAC,22624c03_09c_eDNA_S39_L001_R1_001.fastq.gz,22624c03_09c_eDNA_S39_L001_R2_001.fastq.gz,FD,environmental,18S,c,8/13/24 20:07,22624,3,9,MOORING2,20,36.6968,-122.3775,Francisco Chavez,MBARI,NA,PTLO,RACHEL CARSON,ship,NA,USA:California:Monterey Bay,0.5154,20.375,25.4515,20.527,NA,4.0849,5.5692,33.7369,12.8153,Poretics,0.22um,marine biome  (ENVO:00000447),coastal water (ENVO:00001250),waterborne particulate matter (ENVO:01000436),NA,NA,NA,NA,NA,NA,NA,NA,NA,NA,NA,NA,NA,NA,-80,NA,,,,NGS Illumina Miseq,MSU,22624c03_09c_eDNA_FD,NA,NA
40,22624c03_06c_eDNA,FD40,TAGCCTAGCG,GTACACACCGCCCGTC,TGATCCTTCTGCAGGTTCACCTAC,22624c03_06c_eDNA_S40_L001_R1_001.fastq.gz,22624c03_06c_eDNA_S40_L001_R2_001.fastq.gz,FD,environmental,18S,c,8/13/24 20:07,22624,3,6,MOORING2,60,36.6968,-122.3775,Francisco Chavez,MBARI,NA,PTLO,RACHEL CARSON,ship,NA,USA:California:Monterey Bay,0.1355,60.383,26.0543,60.84,NA,0.0159,2.3923,33.8559,10.0319,Poretics,0.22um,marine biome  (ENVO:00000447),coastal water (ENVO:00001250),waterborne particulate matter (ENVO:01000436),NA,NA,NA,NA,NA,NA,NA,NA,NA,NA,NA,NA,NA,NA,-80,NA,,,,NGS Illumina Miseq,MSU,22624c03_06c_eDNA_FD,NA,NA
41,22624c03_03c_eDNA,FD41,CCTTACCTAT,GTACACACCGCCCGTC,TGATCCTTCTGCAGGTTCACCTAC,22624c03_03c_eDNA_S41_L001_R1_001.fastq.gz,22624c03_03c_eDNA_S41_L001_R2_001.fastq.gz,FD,environmental,18S,c,8/13/24 20:07,22624,3,3,MOORING2,150,36.6968,-122.3775,Francisco Chavez,MBARI,NA,PTLO,RACHEL CARSON,ship,NA,USA:California:Monterey Bay,0.1272,150.793,26.411,151.969,NA,-0.0733,1.5728,34.1293,9.1746,Poretics,0.22um,marine biome  (ENVO:00000447),coastal water (ENVO:00001250),waterborne particulate matter (ENVO:01000436),NA,NA,NA,NA,NA,NA,NA,NA,NA,NA,NA,NA,NA,NA,-80,NA,,,,NGS Illumina Miseq,MSU,22624c03_03c_eDNA_FD,NA,NA
42,20524c02_12c_eDNA,FD42,AGCTCGAGGA,GTACACACCGCCCGTC,TGATCCTTCTGCAGGTTCACCTAC,20524c02_12c_eDNA_S42_L001_R1_001.fastq.gz,20524c02_12c_eDNA_S42_L001_R2_001.fastq.gz,FD,environmental,18S,c,7/23/24 17:30,20524,2,12,MOORING 1,0,36.7477,-122.0225,Francisco Chavez,MBARI,NA,PTLO,RACHEL CARSON,ship,NA,USA:California:Monterey Bay,0.4834,2.817,25.2873,2.838,NA,3.7425,6.8747,33.6997,13.4898,Poretics,0.22um,marine biome  (ENVO:00000447),coastal water (ENVO:00001250),waterborne particulate matter (ENVO:01000436),NA,NA,NA,NA,NA,NA,NA,NA,NA,NA,NA,NA,NA,NA,-80,NA,,,,NGS Illumina Miseq,MSU,20524c02_12c_eDNA_FD,NA,NA
43,20524c02_10c_eDNA,FD43,ACACGAACAA,GTACACACCGCCCGTC,TGATCCTTCTGCAGGTTCACCTAC,20524c02_10c_eDNA_S43_L001_R1_001.fastq.gz,20524c02_10c_eDNA_S43_L001_R2_001.fastq.gz,FD,environmental,18S,c,7/23/24 17:30,20524,2,10,MOORING 1,10,36.7477,-122.0225,Francisco Chavez,MBARI,NA,PTLO,RACHEL CARSON,ship,NA,USA:California:Monterey Bay,0.5922,10.958,25.4425,11.04,NA,4.9072,5.3319,33.6948,12.6933,Poretics,0.22um,marine biome  (ENVO:00000447),coastal water (ENVO:00001250),waterborne particulate matter (ENVO:01000436),NA,NA,NA,NA,NA,NA,NA,NA,NA,NA,NA,NA,NA,NA,-80,NA,,,,NGS Illumina Miseq,MSU,20524c02_10c_eDNA_FD,NA,NA
44,20524c02_09c_eDNA,FD44,GAACACTATC,GTACACACCGCCCGTC,TGATCCTTCTGCAGGTTCACCTAC,20524c02_09c_eDNA_S44_L001_R1_001.fastq.gz,20524c02_09c_eDNA_S44_L001_R2_001.fastq.gz,FD,environmental,18S,c,7/23/24 17:30,20524,2,9,MOORING 1,20,36.7477,-122.0225,Francisco Chavez,MBARI,NA,PTLO,RACHEL CARSON,ship,NA,USA:California:Monterey Bay,0.1837,20.77,25.8104,20.925,NA,0.5323,3.7582,33.7688,11.0379,Poretics,0.22um,marine biome  (ENVO:00000447),coastal water (ENVO:00001250),waterborne particulate matter (ENVO:01000436),NA,NA,NA,NA,NA,NA,NA,NA,NA,NA,NA,NA,NA,NA,-80,NA,,,,NGS Illumina Miseq,MSU,20524c02_09c_eDNA_FD,NA,NA
45,20524c02_06c_eDNA,FD45,ACAATTGGTC,GTACACACCGCCCGTC,TGATCCTTCTGCAGGTTCACCTAC,20524c02_06c_eDNA_S45_L001_R1_001.fastq.gz,20524c02_06c_eDNA_S45_L001_R2_001.fastq.gz,FD,environmental,18S,c,7/23/24 17:30,20524,2,6,MOORING 1,60,36.7477,-122.0225,Francisco Chavez,MBARI,NA,PTLO,RACHEL CARSON,ship,NA,USA:California:Monterey Bay,0.129,60.98,26.1549,61.442,NA,-0.0533,2.2115,33.8968,9.6213,Poretics,0.22um,marine biome  (ENVO:00000447),coastal water (ENVO:00001250),waterborne particulate matter (ENVO:01000436),NA,NA,NA,NA,NA,NA,NA,NA,NA,NA,NA,NA,NA,NA,-80,NA,,,,NGS Illumina Miseq,MSU,20524c02_06c_eDNA_FD,NA,NA
46,20524c02_03c_eDNA,FD46,CTTGGTTCGT,GTACACACCGCCCGTC,TGATCCTTCTGCAGGTTCACCTAC,20524c02_03c_eDNA_S46_L001_R1_001.fastq.gz,20524c02_03c_eDNA_S46_L001_R2_001.fastq.gz,FD,environmental,18S,c,7/23/24 17:30,20524,2,3,MOORING 1,150,36.7477,-122.0225,Francisco Chavez,MBARI,NA,PTLO,RACHEL CARSON,ship,NA,USA:California:Monterey Bay,0.1291,151.117,26.3877,152.295,NA,-0.0525,1.5514,34.057,8.9659,Poretics,0.22um,marine biome  (ENVO:00000447),coastal water (ENVO:00001250),waterborne particulate matter (ENVO:01000436),NA,NA,NA,NA,NA,NA,NA,NA,NA,NA,NA,NA,NA,NA,-80,NA,,,,NGS Illumina Miseq,MSU,20524c02_03c_eDNA_FD,NA,NA
47,20524c01_12c_eDNA,FD47,GACCAAGCAT,GTACACACCGCCCGTC,TGATCCTTCTGCAGGTTCACCTAC,20524c01_12c_eDNA_S47_L001_R1_001.fastq.gz,20524c01_12c_eDNA_S47_L001_R2_001.fastq.gz,FD,environmental,18S,c,7/23/24 15:56,20524,1,12,C1,0,36.7985,-121.847,Francisco Chavez,MBARI,NA,PTLO,RACHEL CARSON,ship,NA,USA:California:Monterey Bay,0.4039,2.94,25.228,2.961,NA,2.8909,5.5433,33.7075,13.8092,Poretics,0.22um,marine biome  (ENVO:00000447),coastal water (ENVO:00001250),waterborne particulate matter (ENVO:01000436),NA,NA,NA,NA,NA,NA,NA,NA,NA,NA,NA,NA,NA,NA,-80,NA,,,,NGS Illumina Miseq,MSU,20524c01_12c_eDNA_FD,NA,NA
48,20524c01_10c_eDNA,FD48,TGTTACGGTT,GTACACACCGCCCGTC,TGATCCTTCTGCAGGTTCACCTAC,20524c01_10c_eDNA_S48_L001_R1_001.fastq.gz,20524c01_10c_eDNA_S48_L001_R2_001.fastq.gz,FD,environmental,18S,c,7/23/24 15:56,20524,1,10,C1,10,36.7985,-121.847,Francisco Chavez,MBARI,NA,PTLO,RACHEL CARSON,ship,NA,USA:California:Monterey Bay,0.3663,10.743,25.4306,10.823,NA,2.4874,4.9831,33.7481,12.9636,Poretics,0.22um,marine biome  (ENVO:00000447),coastal water (ENVO:00001250),waterborne particulate matter (ENVO:01000436),NA,NA,NA,NA,NA,NA,NA,NA,NA,NA,NA,NA,NA,NA,-80,NA,,,,NGS Illumina Miseq,MSU,20524c01_10c_eDNA_FD,NA,NA
49,20524c01_09c_eDNA,FD49,ATATAAGGCG,GTACACACCGCCCGTC,TGATCCTTCTGCAGGTTCACCTAC,20524c01_09c_eDNA_S49_L001_R1_001.fastq.gz,20524c01_09c_eDNA_S49_L001_R2_001.fastq.gz,FD,environmental,18S,c,7/23/24 15:56,20524,1,9,C1,20,36.7985,-121.847,Francisco Chavez,MBARI,NA,PTLO,RACHEL CARSON,ship,NA,USA:California:Monterey Bay,0.1825,21.056,25.908,21.214,NA,0.5195,3.6565,33.8585,10.8825,Poretics,0.22um,marine biome  (ENVO:00000447),coastal water (ENVO:00001250),waterborne particulate matter (ENVO:01000436),NA,NA,NA,NA,NA,NA,NA,NA,NA,NA,NA,NA,NA,NA,-80,NA,,,,NGS Illumina Miseq,MSU,20524c01_09c_eDNA_FD,NA,NA
50,20524c01_06c_eDNA,FD50,ACATTACTCG,GTACACACCGCCCGTC,TGATCCTTCTGCAGGTTCACCTAC,20524c01_06c_eDNA_S50_L001_R1_001.fastq.gz,20524c01_06c_eDNA_S50_L001_R2_001.fastq.gz,FD,environmental,18S,c,7/23/24 15:56,20524,1,6,C1,60,36.7985,-121.847,Francisco Chavez,MBARI,NA,PTLO,RACHEL CARSON,ship,NA,USA:California:Monterey Bay,0.1423,60.315,26.1061,60.772,NA,0.0885,2.5892,33.9089,9.971,Poretics,0.22um,marine biome  (ENVO:00000447),coastal water (ENVO:00001250),waterborne particulate matter (ENVO:01000436),NA,NA,NA,NA,NA,NA,NA,NA,NA,NA,NA,NA,NA,NA,-80,NA,,,,NGS Illumina Miseq,MSU,20524c01_06c_eDNA_FD,NA,NA
51,20524c01_03c_eDNA,FD51,CTCAGTCCGT,GTACACACCGCCCGTC,TGATCCTTCTGCAGGTTCACCTAC,20524c01_03c_eDNA_S51_L001_R1_001.fastq.gz,20524c01_03c_eDNA_S51_L001_R2_001.fastq.gz,FD,environmental,18S,c,7/23/24 15:56,20524,1,3,C1,150,36.7985,-121.847,Francisco Chavez,MBARI,NA,PTLO,RACHEL CARSON,ship,NA,USA:California:Monterey Bay,0.1375,150.809,26.3209,151.985,NA,0.0375,1.9228,34.0013,9.1118,Poretics,0.22um,marine biome  (ENVO:00000447),coastal water (ENVO:00001250),waterborne particulate matter (ENVO:01000436),NA,NA,NA,NA,NA,NA,NA,NA,NA,NA,NA,NA,NA,NA,-80,NA,,,,NGS Illumina Miseq,MSU,20524c01_03c_eDNA_FD,NA,NA
52,20524c03_12c_eDNA,FD52,CTGGTAGCTA,GTACACACCGCCCGTC,TGATCCTTCTGCAGGTTCACCTAC,20524c03_12c_eDNA_S52_L001_R1_001.fastq.gz,20524c03_12c_eDNA_S52_L001_R2_001.fastq.gz,FD,environmental,18S,c,7/23/24 20:06,20524,3,12,MOORING 2,0,36.6982,-122.378,Francisco Chavez,MBARI,NA,PTLO,RACHEL CARSON,ship,NA,USA:California:Monterey Bay,1.1592,2.759,25.0906,2.779,NA,10.9805,9.0136,33.7366,14.571,Poretics,0.22um,marine biome  (ENVO:00000447),coastal water (ENVO:00001250),waterborne particulate matter (ENVO:01000436),NA,NA,NA,NA,NA,NA,NA,NA,NA,NA,NA,NA,NA,NA,-80,NA,,,,NGS Illumina Miseq,MSU,20524c03_12c_eDNA_FD,NA,NA
53,20524c03_10c_eDNA,FD53,GTCACAGACA,GTACACACCGCCCGTC,TGATCCTTCTGCAGGTTCACCTAC,20524c03_10c_eDNA_S53_L001_R1_001.fastq.gz,20524c03_10c_eDNA_S53_L001_R2_001.fastq.gz,FD,environmental,18S,c,7/23/24 20:06,20524,3,10,MOORING 2,10,36.6982,-122.378,Francisco Chavez,MBARI,NA,PTLO,RACHEL CARSON,ship,NA,USA:California:Monterey Bay,0.4423,10.778,25.3853,10.859,NA,3.3014,5.9974,33.7419,13.167,Poretics,0.22um,marine biome  (ENVO:00000447),coastal water (ENVO:00001250),waterborne particulate matter (ENVO:01000436),NA,NA,NA,NA,NA,NA,NA,NA,NA,NA,NA,NA,NA,NA,-80,NA,,,,NGS Illumina Miseq,MSU,20524c03_10c_eDNA_FD,NA,NA
54,20524c03_09c_eDNA,FD54,GACTTGCGTG,GTACACACCGCCCGTC,TGATCCTTCTGCAGGTTCACCTAC,20524c03_09c_eDNA_S54_L001_R1_001.fastq.gz,20524c03_09c_eDNA_S54_L001_R2_001.fastq.gz,FD,environmental,18S,c,7/23/24 20:06,20524,3,9,MOORING 2,20,36.6982,-122.378,Francisco Chavez,MBARI,NA,PTLO,RACHEL CARSON,ship,NA,USA:California:Monterey Bay,0.2828,21.702,25.5046,21.864,NA,1.5942,5.0864,33.7287,12.5109,Poretics,0.22um,marine biome  (ENVO:00000447),coastal water (ENVO:00001250),waterborne particulate matter (ENVO:01000436),NA,NA,NA,NA,NA,NA,NA,NA,NA,NA,NA,NA,NA,NA,-80,NA,,,,NGS Illumina Miseq,MSU,20524c03_09c_eDNA_FD,NA,NA
55,20524c03_06c_eDNA,FD55,GCGAGTATCA,GTACACACCGCCCGTC,TGATCCTTCTGCAGGTTCACCTAC,20524c03_06c_eDNA_S55_L001_R1_001.fastq.gz,20524c03_06c_eDNA_S55_L001_R2_001.fastq.gz,FD,environmental,18S,c,7/23/24 20:06,20524,3,6,MOORING 2,60,36.6982,-122.378,Francisco Chavez,MBARI,NA,PTLO,RACHEL CARSON,ship,NA,USA:California:Monterey Bay,0.1338,60.883,26.02,61.345,NA,-0.002,2.6047,33.813,10.0372,Poretics,0.22um,marine biome  (ENVO:00000447),coastal water (ENVO:00001250),waterborne particulate matter (ENVO:01000436),NA,NA,NA,NA,NA,NA,NA,NA,NA,NA,NA,NA,NA,NA,-80,NA,,,,NGS Illumina Miseq,MSU,20524c03_06c_eDNA_FD,NA,NA
56,20524c03_03c_eDNA,FD56,TCATACCAAG,GTACACACCGCCCGTC,TGATCCTTCTGCAGGTTCACCTAC,20524c03_03c_eDNA_S56_L001_R1_001.fastq.gz,20524c03_03c_eDNA_S56_L001_R2_001.fastq.gz,FD,environmental,18S,c,7/23/24 20:06,20524,3,3,MOORING 2,150,36.6982,-122.378,Francisco Chavez,MBARI,NA,PTLO,RACHEL CARSON,ship,NA,USA:California:Monterey Bay,0.1281,150.594,26.3322,151.768,NA,-0.0631,1.635,34.0385,9.2232,Poretics,0.22um,marine biome  (ENVO:00000447),coastal water (ENVO:00001250),waterborne particulate matter (ENVO:01000436),NA,NA,NA,NA,NA,NA,NA,NA,NA,NA,NA,NA,NA,NA,-80,NA,,,,NGS Illumina Miseq,MSU,20524c03_03c_eDNA_FD,NA,NA
57,17024c03_03c_eDNA,FD57,AGCATCGTGC,GTACACACCGCCCGTC,TGATCCTTCTGCAGGTTCACCTAC,17024c03_03c_eDNA_S57_L001_R1_001.fastq.gz,17024c03_03c_eDNA_S57_L001_R2_001.fastq.gz,FD,environmental,18S,c,6/18/24 19:25,17024,3,3,MOORING 2,150,36.6942,-122.3785,Francisco Chavez,MBARI,NA,PTLO,RACHEL CARSON,ship,NA,USA:California:Monterey Bay,0.1274,151.154,26.4364,152.332,NA,-0.0711,2.0085,34.0072,8.4001,Poretics,0.22um,marine biome  (ENVO:00000447),coastal water (ENVO:00001250),waterborne particulate matter (ENVO:01000436),NA,NA,NA,NA,NA,NA,NA,NA,NA,NA,NA,NA,NA,NA,-80,NA,,,,NGS Illumina Miseq,MSU,17024c03_03c_eDNA_FD,NA,NA
58,17024c03_06c_eDNA,FD58,CATACCGCTG,GTACACACCGCCCGTC,TGATCCTTCTGCAGGTTCACCTAC,17024c03_06c_eDNA_S58_L001_R1_001.fastq.gz,17024c03_06c_eDNA_S58_L001_R2_001.fastq.gz,FD,environmental,18S,c,6/18/24 19:25,17024,3,6,MOORING 2,60,36.6942,-122.3785,Francisco Chavez,MBARI,NA,PTLO,RACHEL CARSON,ship,NA,USA:California:Monterey Bay,0.1321,61.079,26.0472,61.542,NA,-0.0199,2.6978,33.7522,9.5887,Poretics,0.22um,marine biome  (ENVO:00000447),coastal water (ENVO:00001250),waterborne particulate matter (ENVO:01000436),NA,NA,NA,NA,NA,NA,NA,NA,NA,NA,NA,NA,NA,NA,-80,NA,,,,NGS Illumina Miseq,MSU,17024c03_06c_eDNA_FD,NA,NA
59,17024c03_09c_eDNA,FD59,TATGACGGTG,GTACACACCGCCCGTC,TGATCCTTCTGCAGGTTCACCTAC,17024c03_09c_eDNA_S59_L001_R1_001.fastq.gz,17024c03_09c_eDNA_S59_L001_R2_001.fastq.gz,FD,environmental,18S,c,6/18/24 19:25,17024,3,9,MOORING 2,20,36.6942,-122.3785,Francisco Chavez,MBARI,NA,PTLO,RACHEL CARSON,ship,NA,USA:California:Monterey Bay,0.5173,22.058,25.6959,22.223,NA,4.1052,5.3583,33.7405,11.5474,Poretics,0.22um,marine biome  (ENVO:00000447),coastal water (ENVO:00001250),waterborne particulate matter (ENVO:01000436),NA,NA,NA,NA,NA,NA,NA,NA,NA,NA,NA,NA,NA,NA,-80,NA,,,,NGS Illumina Miseq,MSU,17024c03_09c_eDNA_FD,NA,NA
60,17024c03_10c_eDNA,FD60,TGCGTGAGCA,GTACACACCGCCCGTC,TGATCCTTCTGCAGGTTCACCTAC,17024c03_10c_eDNA_S60_L001_R1_001.fastq.gz,17024c03_10c_eDNA_S60_L001_R2_001.fastq.gz,FD,environmental,18S,c,6/18/24 19:25,17024,3,10,MOORING 2,10,36.6942,-122.3785,Francisco Chavez,MBARI,NA,PTLO,RACHEL CARSON,ship,NA,USA:California:Monterey Bay,0.5444,12.107,25.6825,12.197,NA,4.3958,5.476,33.7404,11.6184,Poretics,0.22um,marine biome  (ENVO:00000447),coastal water (ENVO:00001250),waterborne particulate matter (ENVO:01000436),NA,NA,NA,NA,NA,NA,NA,NA,NA,NA,NA,NA,NA,NA,-80,NA,,,,NGS Illumina Miseq,MSU,17024c03_10c_eDNA_FD,NA,NA
61,17024c03_12c_eDNA,FD61,GCCAATGTTC,GTACACACCGCCCGTC,TGATCCTTCTGCAGGTTCACCTAC,17024c03_12c_eDNA_S61_L001_R1_001.fastq.gz,17024c03_12c_eDNA_S61_L001_R2_001.fastq.gz,FD,environmental,18S,c,6/18/24 19:25,17024,3,12,MOORING 2,0,36.6942,-122.3785,Francisco Chavez,MBARI,NA,PTLO,RACHEL CARSON,ship,NA,USA:California:Monterey Bay,0.2762,3.253,25.6768,3.277,NA,1.5232,5.529,33.7401,11.6465,Poretics,0.22um,marine biome  (ENVO:00000447),coastal water (ENVO:00001250),waterborne particulate matter (ENVO:01000436),NA,NA,NA,NA,NA,NA,NA,NA,NA,NA,NA,NA,NA,NA,-80,NA,,,,NGS Illumina Miseq,MSU,17024c03_12c_eDNA_FD,NA,NA
62,17024c02_03c_eDNA,FD62,CTTCTCCAGC,GTACACACCGCCCGTC,TGATCCTTCTGCAGGTTCACCTAC,17024c02_03c_eDNA_S62_L001_R1_001.fastq.gz,17024c02_03c_eDNA_S62_L001_R2_001.fastq.gz,FD,environmental,18S,c,6/18/24 16:32,17024,2,3,MOORING 1,150,36.746,-122.0202,Francisco Chavez,MBARI,NA,PTLO,RACHEL CARSON,ship,NA,USA:California:Monterey Bay,0.1285,151.895,26.5569,153.079,NA,-0.0586,1.3839,34.1188,8.1818,Poretics,0.22um,marine biome  (ENVO:00000447),coastal water (ENVO:00001250),waterborne particulate matter (ENVO:01000436),NA,NA,NA,NA,NA,NA,NA,NA,NA,NA,NA,NA,NA,NA,-80,NA,,,,NGS Illumina Miseq,MSU,17024c02_03c_eDNA_FD,NA,NA
63,17024c02_06c_eDNA,FD63,CTCTCGATAA,GTACACACCGCCCGTC,TGATCCTTCTGCAGGTTCACCTAC,17024c02_06c_eDNA_S63_L001_R1_001.fastq.gz,17024c02_06c_eDNA_S63_L001_R2_001.fastq.gz,FD,environmental,18S,c,6/18/24 16:32,17024,2,6,MOORING 1,60,36.746,-122.0202,Francisco Chavez,MBARI,NA,PTLO,RACHEL CARSON,ship,NA,USA:California:Monterey Bay,0.1387,60.941,26.2623,61.403,NA,0.0506,2.1372,33.9574,9.253,Poretics,0.22um,marine biome  (ENVO:00000447),coastal water (ENVO:00001250),waterborne particulate matter (ENVO:01000436),NA,NA,NA,NA,NA,NA,NA,NA,NA,NA,NA,NA,NA,NA,-80,NA,,,,NGS Illumina Miseq,MSU,17024c02_06c_eDNA_FD,NA,NA
64,17024c02_09c_eDNA,FD64,CGGATCTACA,GTACACACCGCCCGTC,TGATCCTTCTGCAGGTTCACCTAC,17024c02_09c_eDNA_S64_L001_R1_001.fastq.gz,17024c02_09c_eDNA_S64_L001_R2_001.fastq.gz,FD,environmental,18S,c,6/18/24 16:32,17024,2,9,MOORING 1,20,36.746,-122.0202,Francisco Chavez,MBARI,NA,PTLO,RACHEL CARSON,ship,NA,USA:California:Monterey Bay,0.2219,20.614,26.0365,20.767,NA,0.9414,3.612,33.8423,10.07,Poretics,0.22um,marine biome  (ENVO:00000447),coastal water (ENVO:00001250),waterborne particulate matter (ENVO:01000436),NA,NA,NA,NA,NA,NA,NA,NA,NA,NA,NA,NA,NA,NA,-80,NA,,,,NGS Illumina Miseq,MSU,17024c02_09c_eDNA_FD,NA,NA
65,17024c02_10c_eDNA,FD65,CTGGCATATT,GTACACACCGCCCGTC,TGATCCTTCTGCAGGTTCACCTAC,17024c02_10c_eDNA_S65_L001_R1_001.fastq.gz,17024c02_10c_eDNA_S65_L001_R2_001.fastq.gz,FD,environmental,18S,c,6/18/24 16:32,17024,2,10,MOORING 1,10,36.746,-122.0202,Francisco Chavez,MBARI,NA,PTLO,RACHEL CARSON,ship,NA,USA:California:Monterey Bay,0.2166,10.885,26.0181,10.966,NA,0.8851,3.7566,33.8387,10.1609,Poretics,0.22um,marine biome  (ENVO:00000447),coastal water (ENVO:00001250),waterborne particulate matter (ENVO:01000436),NA,NA,NA,NA,NA,NA,NA,NA,NA,NA,NA,NA,NA,NA,-80,NA,,,,NGS Illumina Miseq,MSU,17024c02_10c_eDNA_FD,NA,NA
66,17024c02_12c_eDNA,FD66,TGCAAGTAGC,GTACACACCGCCCGTC,TGATCCTTCTGCAGGTTCACCTAC,17024c02_12c_eDNA_S66_L001_R1_001.fastq.gz,17024c02_12c_eDNA_S66_L001_R2_001.fastq.gz,FD,environmental,18S,c,6/18/24 16:32,17024,2,12,MOORING 1,0,36.746,-122.0202,Francisco Chavez,MBARI,NA,PTLO,RACHEL CARSON,ship,NA,USA:California:Monterey Bay,0.1621,3.006,25.7693,3.029,NA,0.3006,4.6399,33.7954,11.3775,Poretics,0.22um,marine biome  (ENVO:00000447),coastal water (ENVO:00001250),waterborne particulate matter (ENVO:01000436),NA,NA,NA,NA,NA,NA,NA,NA,NA,NA,NA,NA,NA,NA,-80,NA,,,,NGS Illumina Miseq,MSU,17024c02_12c_eDNA_FD,NA,NA
67,17024c01_03c_eDNA,FD67,ACACAACTAC,GTACACACCGCCCGTC,TGATCCTTCTGCAGGTTCACCTAC,17024c01_03c_eDNA_S67_L001_R1_001.fastq.gz,17024c01_03c_eDNA_S67_L001_R2_001.fastq.gz,FD,environmental,18S,c,6/18/24 14:54,17024,1,3,C1,150,36.7982,-121.8468,Francisco Chavez,MBARI,NA,PTLO,RACHEL CARSON,ship,NA,USA:California:Monterey Bay,0.1352,150.653,26.5255,151.829,32.027,0.0127,1.4072,34.0735,8.1545,Poretics,0.22um,marine biome  (ENVO:00000447),coastal water (ENVO:00001250),waterborne particulate matter (ENVO:01000436),NA,NA,NA,NA,NA,NA,NA,NA,NA,NA,NA,NA,NA,NA,-80,NA,,,,NGS Illumina Miseq,MSU,17024c01_03c_eDNA_FD,NA,NA
68,17024c01_06c_eDNA,FD68,TAGCACACTT,GTACACACCGCCCGTC,TGATCCTTCTGCAGGTTCACCTAC,17024c01_06c_eDNA_S68_L001_R1_001.fastq.gz,17024c01_06c_eDNA_S68_L001_R2_001.fastq.gz,FD,environmental,18S,c,6/18/24 14:54,17024,1,6,C1,60,36.7982,-121.8468,Francisco Chavez,MBARI,NA,PTLO,RACHEL CARSON,ship,NA,USA:California:Monterey Bay,0.1417,59.956,26.3147,60.41,28.146,0.0823,1.8801,33.9718,8.9956,Poretics,0.22um,marine biome  (ENVO:00000447),coastal water (ENVO:00001250),waterborne particulate matter (ENVO:01000436),NA,NA,NA,NA,NA,NA,NA,NA,NA,NA,NA,NA,NA,NA,-80,NA,,,,NGS Illumina Miseq,MSU,17024c01_06c_eDNA_FD,NA,NA
69,17024c01_09c_eDNA,FD69,TAGTGTTACG,GTACACACCGCCCGTC,TGATCCTTCTGCAGGTTCACCTAC,17024c01_09c_eDNA_S69_L001_R1_001.fastq.gz,17024c01_09c_eDNA_S69_L001_R2_001.fastq.gz,FD,environmental,18S,c,6/18/24 14:54,17024,1,9,C1,20,36.7982,-121.8468,Francisco Chavez,MBARI,NA,PTLO,RACHEL CARSON,ship,NA,USA:California:Monterey Bay,0.1745,21.251,26.0151,21.41,23.958,0.4341,3.2835,33.8335,10.1561,Poretics,0.22um,marine biome  (ENVO:00000447),coastal water (ENVO:00001250),waterborne particulate matter (ENVO:01000436),NA,NA,NA,NA,NA,NA,NA,NA,NA,NA,NA,NA,NA,NA,-80,NA,,,,NGS Illumina Miseq,MSU,17024c01_09c_eDNA_FD,NA,NA
70,17024c01_10c_eDNA,FD70,CGTACACTGG,GTACACACCGCCCGTC,TGATCCTTCTGCAGGTTCACCTAC,17024c01_10c_eDNA_S70_L001_R1_001.fastq.gz,17024c01_10c_eDNA_S70_L001_R2_001.fastq.gz,FD,environmental,18S,c,6/18/24 14:54,17024,1,10,C1,10,36.7982,-121.8468,Francisco Chavez,MBARI,NA,PTLO,RACHEL CARSON,ship,NA,USA:California:Monterey Bay,0.1959,10.605,25.8107,10.684,22.198,0.6625,4.1077,33.7882,11.1195,Poretics,0.22um,marine biome  (ENVO:00000447),coastal water (ENVO:00001250),waterborne particulate matter (ENVO:01000436),NA,NA,NA,NA,NA,NA,NA,NA,NA,NA,NA,NA,NA,NA,-80,NA,,,,NGS Illumina Miseq,MSU,17024c01_10c_eDNA_FD,NA,NA
71,17024c01_12c_eDNA,FD71,AATACTGGCA,GTACACACCGCCCGTC,TGATCCTTCTGCAGGTTCACCTAC,17024c01_12c_eDNA_S71_L001_R1_001.fastq.gz,17024c01_12c_eDNA_S71_L001_R2_001.fastq.gz,FD,environmental,18S,c,6/18/24 14:54,17024,1,12,C1,0,36.7982,-121.8468,Francisco Chavez,MBARI,NA,PTLO,RACHEL CARSON,ship,NA,USA:California:Monterey Bay,0.2119,2.744,25.3231,2.764,4.796,0.8344,6.3169,33.7722,13.5893,Poretics,0.22um,marine biome  (ENVO:00000447),coastal water (ENVO:00001250),waterborne particulate matter (ENVO:01000436),NA,NA,NA,NA,NA,NA,NA,NA,NA,NA,NA,NA,NA,NA,-80,NA,,,,NGS Illumina Miseq,MSU,17024c01_12c_eDNA_FD,NA,NA
72,CN24F150mMV2_SC42,FD72,CGGTAGAGTT,GTACACACCGCCCGTC,TGATCCTTCTGCAGGTTCACCTAC,CN24F150mMV2_SC42_S72_L001_R1_001.fastq.gz,CN24F150mMV2_SC42_S72_L001_R2_001.fastq.gz,FD,environmental,18S,NA,NA,NA,NA,NA,NA,NA,NA,NA,Francisco Chavez,MBARI,NA,NA,NA,NA,NA,USA:California:Monterey Bay,NA,NA,NA,NA,NA,NA,NA,NA,NA,Poretics,0.22um,marine biome  (ENVO:00000447),coastal water (ENVO:00001250),waterborne particulate matter (ENVO:01000436),NA,NA,NA,NA,NA,NA,NA,NA,NA,NA,NA,NA,NA,NA,-80,NA,,,,NGS Illumina Miseq,MSU,CN24F150mMV2_SC42_FD,NA,NA
73,CN24F150mMV2_SC43,FD73,CGTGACTCTA,GTACACACCGCCCGTC,TGATCCTTCTGCAGGTTCACCTAC,CN24F150mMV2_SC43_S73_L001_R1_001.fastq.gz,CN24F150mMV2_SC43_S73_L001_R2_001.fastq.gz,FD,environmental,18S,NA,NA,NA,NA,NA,NA,NA,NA,NA,Francisco Chavez,MBARI,NA,NA,NA,NA,NA,USA:California:Monterey Bay,NA,NA,NA,NA,NA,NA,NA,NA,NA,Poretics,0.22um,marine biome  (ENVO:00000447),coastal water (ENVO:00001250),waterborne particulate matter (ENVO:01000436),NA,NA,NA,NA,NA,NA,NA,NA,NA,NA,NA,NA,NA,NA,-80,NA,,,,NGS Illumina Miseq,MSU,CN24F150mMV2_SC43_FD,NA,NA
74,CN24F150mMV2_SC44,FD74,CTTCAATAGC,GTACACACCGCCCGTC,TGATCCTTCTGCAGGTTCACCTAC,CN24F150mMV2_SC44_S74_L001_R1_001.fastq.gz,CN24F150mMV2_SC44_S74_L001_R2_001.fastq.gz,FD,environmental,18S,NA,NA,NA,NA,NA,NA,NA,NA,NA,Francisco Chavez,MBARI,NA,NA,NA,NA,NA,USA:California:Monterey Bay,NA,NA,NA,NA,NA,NA,NA,NA,NA,Poretics,0.22um,marine biome  (ENVO:00000447),coastal water (ENVO:00001250),waterborne particulate matter (ENVO:01000436),NA,NA,NA,NA,NA,NA,NA,NA,NA,NA,NA,NA,NA,NA,-80,NA,,,,NGS Illumina Miseq,MSU,CN24F150mMV2_SC44_FD,NA,NA
75,CN24F150mMV2_SC45,FD75,AAGGACTCAG,GTACACACCGCCCGTC,TGATCCTTCTGCAGGTTCACCTAC,CN24F150mMV2_SC45_S75_L001_R1_001.fastq.gz,CN24F150mMV2_SC45_S75_L001_R2_001.fastq.gz,FD,environmental,18S,NA,NA,NA,NA,NA,NA,NA,NA,NA,Francisco Chavez,MBARI,NA,NA,NA,NA,NA,USA:California:Monterey Bay,NA,NA,NA,NA,NA,NA,NA,NA,NA,Poretics,0.22um,marine biome  (ENVO:00000447),coastal water (ENVO:00001250),waterborne particulate matter (ENVO:01000436),NA,NA,NA,NA,NA,NA,NA,NA,NA,NA,NA,NA,NA,NA,-80,NA,,,,NGS Illumina Miseq,MSU,CN24F150mMV2_SC45_FD,NA,NA
76,CN24F150mMV2_SC46,FD76,CAGACGATGA,GTACACACCGCCCGTC,TGATCCTTCTGCAGGTTCACCTAC,CN24F150mMV2_SC46_S76_L001_R1_001.fastq.gz,CN24F150mMV2_SC46_S76_L001_R2_001.fastq.gz,FD,environmental,18S,NA,NA,NA,NA,NA,NA,NA,NA,NA,Francisco Chavez,MBARI,NA,NA,NA,NA,NA,USA:California:Monterey Bay,NA,NA,NA,NA,NA,NA,NA,NA,NA,Poretics,0.22um,marine biome  (ENVO:00000447),coastal water (ENVO:00001250),waterborne particulate matter (ENVO:01000436),NA,NA,NA,NA,NA,NA,NA,NA,NA,NA,NA,NA,NA,NA,-80,NA,,,,NGS Illumina Miseq,MSU,CN24F150mMV2_SC46_FD,NA,NA
77,CN24F150mMV2_SC47,FD77,TTGGAAGTAC,GTACACACCGCCCGTC,TGATCCTTCTGCAGGTTCACCTAC,CN24F150mMV2_SC47_S77_L001_R1_001.fastq.gz,CN24F150mMV2_SC47_S77_L001_R2_001.fastq.gz,FD,environmental,18S,NA,NA,NA,NA,NA,NA,NA,NA,NA,Francisco Chavez,MBARI,NA,NA,NA,NA,NA,USA:California:Monterey Bay,NA,NA,NA,NA,NA,NA,NA,NA,NA,Poretics,0.22um,marine biome  (ENVO:00000447),coastal water (ENVO:00001250),waterborne particulate matter (ENVO:01000436),NA,NA,NA,NA,NA,NA,NA,NA,NA,NA,NA,NA,NA,NA,-80,NA,,,,NGS Illumina Miseq,MSU,CN24F150mMV2_SC47_FD,NA,NA
78,CN24F150mMV2_SC48,FD78,TCGCATCAAC,GTACACACCGCCCGTC,TGATCCTTCTGCAGGTTCACCTAC,CN24F150mMV2_SC48_S78_L001_R1_001.fastq.gz,CN24F150mMV2_SC48_S78_L001_R2_001.fastq.gz,FD,environmental,18S,NA,NA,NA,NA,NA,NA,NA,NA,NA,Francisco Chavez,MBARI,NA,NA,NA,NA,NA,USA:California:Monterey Bay,NA,NA,NA,NA,NA,NA,NA,NA,NA,Poretics,0.22um,marine biome  (ENVO:00000447),coastal water (ENVO:00001250),waterborne particulate matter (ENVO:01000436),NA,NA,NA,NA,NA,NA,NA,NA,NA,NA,NA,NA,NA,NA,-80,NA,,,,NGS Illumina Miseq,MSU,CN24F150mMV2_SC48_FD,NA,NA
79,CN24F150mMV2_SC49,FD79,TATGCAACTC,GTACACACCGCCCGTC,TGATCCTTCTGCAGGTTCACCTAC,CN24F150mMV2_SC49_S79_L001_R1_001.fastq.gz,CN24F150mMV2_SC49_S79_L001_R2_001.fastq.gz,FD,environmental,18S,NA,NA,NA,NA,NA,NA,NA,NA,NA,Francisco Chavez,MBARI,NA,NA,NA,NA,NA,USA:California:Monterey Bay,NA,NA,NA,NA,NA,NA,NA,NA,NA,Poretics,0.22um,marine biome  (ENVO:00000447),coastal water (ENVO:00001250),waterborne particulate matter (ENVO:01000436),NA,NA,NA,NA,NA,NA,NA,NA,NA,NA,NA,NA,NA,NA,-80,NA,,,,NGS Illumina Miseq,MSU,CN24F150mMV2_SC49_FD,NA,NA
80,CN24F150mMV2_SC50,FD80,GAATGTCACG,GTACACACCGCCCGTC,TGATCCTTCTGCAGGTTCACCTAC,CN24F150mMV2_SC50_S80_L001_R1_001.fastq.gz,CN24F150mMV2_SC50_S80_L001_R2_001.fastq.gz,FD,environmental,18S,NA,NA,NA,NA,NA,NA,NA,NA,NA,Francisco Chavez,MBARI,NA,NA,NA,NA,NA,USA:California:Monterey Bay,NA,NA,NA,NA,NA,NA,NA,NA,NA,Poretics,0.22um,marine biome  (ENVO:00000447),coastal water (ENVO:00001250),waterborne particulate matter (ENVO:01000436),NA,NA,NA,NA,NA,NA,NA,NA,NA,NA,NA,NA,NA,NA,-80,NA,,,,NGS Illumina Miseq,MSU,CN24F150mMV2_SC50_FD,NA,NA
81,CN24F150mMV2_SC51,FD81,GACCTGTTAA,GTACACACCGCCCGTC,TGATCCTTCTGCAGGTTCACCTAC,CN24F150mMV2_SC51_S81_L001_R1_001.fastq.gz,CN24F150mMV2_SC51_S81_L001_R2_001.fastq.gz,FD,environmental,18S,NA,NA,NA,NA,NA,NA,NA,NA,NA,Francisco Chavez,MBARI,NA,NA,NA,NA,NA,USA:California:Monterey Bay,NA,NA,NA,NA,NA,NA,NA,NA,NA,Poretics,0.22um,marine biome  (ENVO:00000447),coastal water (ENVO:00001250),waterborne particulate matter (ENVO:01000436),NA,NA,NA,NA,NA,NA,NA,NA,NA,NA,NA,NA,NA,NA,-80,NA,,,,NGS Illumina Miseq,MSU,CN24F150mMV2_SC51_FD,NA,NA
82,CN24F150mMV2_SC52,FD82,CGGATGCTGA,GTACACACCGCCCGTC,TGATCCTTCTGCAGGTTCACCTAC,CN24F150mMV2_SC52_S82_L001_R1_001.fastq.gz,CN24F150mMV2_SC52_S82_L001_R2_001.fastq.gz,FD,environmental,18S,NA,NA,NA,NA,NA,NA,NA,NA,NA,Francisco Chavez,MBARI,NA,NA,NA,NA,NA,USA:California:Monterey Bay,NA,NA,NA,NA,NA,NA,NA,NA,NA,Poretics,0.22um,marine biome  (ENVO:00000447),coastal water (ENVO:00001250),waterborne particulate matter (ENVO:01000436),NA,NA,NA,NA,NA,NA,NA,NA,NA,NA,NA,NA,NA,NA,-80,NA,,,,NGS Illumina Miseq,MSU,CN24F150mMV2_SC52_FD,NA,NA
83,CN24F150mMV2_SC53,FD83,GCAACTGTGA,GTACACACCGCCCGTC,TGATCCTTCTGCAGGTTCACCTAC,CN24F150mMV2_SC53_S83_L001_R1_001.fastq.gz,CN24F150mMV2_SC53_S83_L001_R2_001.fastq.gz,FD,environmental,18S,NA,NA,NA,NA,NA,NA,NA,NA,NA,Francisco Chavez,MBARI,NA,NA,NA,NA,NA,USA:California:Monterey Bay,NA,NA,NA,NA,NA,NA,NA,NA,NA,Poretics,0.22um,marine biome  (ENVO:00000447),coastal water (ENVO:00001250),waterborne particulate matter (ENVO:01000436),NA,NA,NA,NA,NA,NA,NA,NA,NA,NA,NA,NA,NA,NA,-80,NA,,,,NGS Illumina Miseq,MSU,CN24F150mMV2_SC53_FD,NA,NA
84,CN24F150mMV2_SC54,FD84,CGGAGCATCT,GTACACACCGCCCGTC,TGATCCTTCTGCAGGTTCACCTAC,CN24F150mMV2_SC54_S84_L001_R1_001.fastq.gz,CN24F150mMV2_SC54_S84_L001_R2_001.fastq.gz,FD,environmental,18S,NA,NA,NA,NA,NA,NA,NA,NA,NA,Francisco Chavez,MBARI,NA,NA,NA,NA,NA,USA:California:Monterey Bay,NA,NA,NA,NA,NA,NA,NA,NA,NA,Poretics,0.22um,marine biome  (ENVO:00000447),coastal water (ENVO:00001250),waterborne particulate matter (ENVO:01000436),NA,NA,NA,NA,NA,NA,NA,NA,NA,NA,NA,NA,NA,NA,-80,NA,,,,NGS Illumina Miseq,MSU,CN24F150mMV2_SC54_FD,NA,NA
85,CN24F150mMV2_SC55,FD85,AAGACGCTAA,GTACACACCGCCCGTC,TGATCCTTCTGCAGGTTCACCTAC,CN24F150mMV2_SC55_S85_L001_R1_001.fastq.gz,CN24F150mMV2_SC55_S85_L001_R2_001.fastq.gz,FD,environmental,18S,NA,NA,NA,NA,NA,NA,NA,NA,NA,Francisco Chavez,MBARI,NA,NA,NA,NA,NA,USA:California:Monterey Bay,NA,NA,NA,NA,NA,NA,NA,NA,NA,Poretics,0.22um,marine biome  (ENVO:00000447),coastal water (ENVO:00001250),waterborne particulate matter (ENVO:01000436),NA,NA,NA,NA,NA,NA,NA,NA,NA,NA,NA,NA,NA,NA,-80,NA,,,,NGS Illumina Miseq,MSU,CN24F150mMV2_SC55_FD,NA,NA
86,CN24F150mMV2_SC56,FD86,ATAACAAGCG,GTACACACCGCCCGTC,TGATCCTTCTGCAGGTTCACCTAC,CN24F150mMV2_SC56_S86_L001_R1_001.fastq.gz,CN24F150mMV2_SC56_S86_L001_R2_001.fastq.gz,FD,environmental,18S,NA,NA,NA,NA,NA,NA,NA,NA,NA,Francisco Chavez,MBARI,NA,NA,NA,NA,NA,USA:California:Monterey Bay,NA,NA,NA,NA,NA,NA,NA,NA,NA,Poretics,0.22um,marine biome  (ENVO:00000447),coastal water (ENVO:00001250),waterborne particulate matter (ENVO:01000436),NA,NA,NA,NA,NA,NA,NA,NA,NA,NA,NA,NA,NA,NA,-80,NA,,,,NGS Illumina Miseq,MSU,CN24F150mMV2_SC56_FD,NA,NA
87,CN24F150mMV2_SC57,FD87,ATGCTAGTGT,GTACACACCGCCCGTC,TGATCCTTCTGCAGGTTCACCTAC,CN24F150mMV2_SC57_S87_L001_R1_001.fastq.gz,CN24F150mMV2_SC57_S87_L001_R2_001.fastq.gz,FD,environmental,18S,NA,NA,NA,NA,NA,NA,NA,NA,NA,Francisco Chavez,MBARI,NA,NA,NA,NA,NA,USA:California:Monterey Bay,NA,NA,NA,NA,NA,NA,NA,NA,NA,Poretics,0.22um,marine biome  (ENVO:00000447),coastal water (ENVO:00001250),waterborne particulate matter (ENVO:01000436),NA,NA,NA,NA,NA,NA,NA,NA,NA,NA,NA,NA,NA,NA,-80,NA,,,,NGS Illumina Miseq,MSU,CN24F150mMV2_SC57_FD,NA,NA
88,CN24F150mMV2_SC58,FD88,CCTGGTACAG,GTACACACCGCCCGTC,TGATCCTTCTGCAGGTTCACCTAC,CN24F150mMV2_SC58_S88_L001_R1_001.fastq.gz,CN24F150mMV2_SC58_S88_L001_R2_001.fastq.gz,FD,environmental,18S,NA,NA,NA,NA,NA,NA,NA,NA,NA,Francisco Chavez,MBARI,NA,NA,NA,NA,NA,USA:California:Monterey Bay,NA,NA,NA,NA,NA,NA,NA,NA,NA,Poretics,0.22um,marine biome  (ENVO:00000447),coastal water (ENVO:00001250),waterborne particulate matter (ENVO:01000436),NA,NA,NA,NA,NA,NA,NA,NA,NA,NA,NA,NA,NA,NA,-80,NA,,,,NGS Illumina Miseq,MSU,CN24F150mMV2_SC58_FD,NA,NA
89,CN24F150mMV2_SC59,FD89,TGGCTCATGT,GTACACACCGCCCGTC,TGATCCTTCTGCAGGTTCACCTAC,CN24F150mMV2_SC59_S89_L001_R1_001.fastq.gz,CN24F150mMV2_SC59_S89_L001_R2_001.fastq.gz,FD,environmental,18S,NA,NA,NA,NA,NA,NA,NA,NA,NA,Francisco Chavez,MBARI,NA,NA,NA,NA,NA,USA:California:Monterey Bay,NA,NA,NA,NA,NA,NA,NA,NA,NA,Poretics,0.22um,marine biome  (ENVO:00000447),coastal water (ENVO:00001250),waterborne particulate matter (ENVO:01000436),NA,NA,NA,NA,NA,NA,NA,NA,NA,NA,NA,NA,NA,NA,-80,NA,,,,NGS Illumina Miseq,MSU,CN24F150mMV2_SC59_FD,NA,NA
90,CN24F150mMV2_preblank,FD90,CCACCACCTA,GTACACACCGCCCGTC,TGATCCTTCTGCAGGTTCACCTAC,CN24F150mMV2_preblank_S90_L001_R1_001.fastq.gz,CN24F150mMV2_preblank_S90_L001_R2_001.fastq.gz,FD,negative,18S,NA,NA,NA,NA,NA,NA,NA,NA,NA,Francisco Chavez,MBARI,NA,NA,NA,NA,NA,USA:California:Monterey Bay,NA,NA,NA,NA,NA,NA,NA,NA,NA,Poretics,0.22um,marine biome  (ENVO:00000447),coastal water (ENVO:00001250),waterborne particulate matter (ENVO:01000436),NA,NA,NA,NA,NA,NA,NA,NA,NA,NA,NA,NA,NA,NA,-80,NA,,,,NGS Illumina Miseq,MSU,CN24F150mMV2_preblank_FD,NA,NA
91,CN24F150mMV2_postblank,FD91,CGCTTACAAT,GTACACACCGCCCGTC,TGATCCTTCTGCAGGTTCACCTAC,CN24F150mMV2_postblank_S91_L001_R1_001.fastq.gz,CN24F150mMV2_postblank_S91_L001_R2_001.fastq.gz,FD,negative,18S,NA,NA,NA,NA,NA,NA,NA,NA,NA,Francisco Chavez,MBARI,NA,NA,NA,NA,NA,USA:California:Monterey Bay,NA,NA,NA,NA,NA,NA,NA,NA,NA,Poretics,0.22um,marine biome  (ENVO:00000447),coastal water (ENVO:00001250),waterborne particulate matter (ENVO:01000436),NA,NA,NA,NA,NA,NA,NA,NA,NA,NA,NA,NA,NA,NA,-80,NA,,,,NGS Illumina Miseq,MSU,CN24F150mMV2_postblank_FD,NA,NA
92,CN_MBTS_Dual_extraction_P1_DNA_EB,FD92,CGCTTGGTTC,GTACACACCGCCCGTC,TGATCCTTCTGCAGGTTCACCTAC,CN_MBTS_Dual_extraction_P1_DNA_EB_S92_L001_R1_001.fastq.gz,CN_MBTS_Dual_extraction_P1_DNA_EB_S92_L001_R2_001.fastq.gz,FD,negative,18S,NA,NA,NA,NA,NA,NA,NA,NA,NA,Francisco Chavez,MBARI,NA,NA,NA,NA,NA,USA:California:Monterey Bay,NA,NA,NA,NA,NA,NA,NA,NA,NA,Poretics,0.22um,marine biome  (ENVO:00000447),coastal water (ENVO:00001250),waterborne particulate matter (ENVO:01000436),NA,NA,NA,NA,NA,NA,NA,NA,NA,NA,NA,NA,NA,NA,-80,NA,,,,NGS Illumina Miseq,MSU,CN_MBTS_Dual_extraction_P1_DNA_EB_FD,NA,NA
93,pcrblank1,FD93,AGACGGTCAA,GTACACACCGCCCGTC,TGATCCTTCTGCAGGTTCACCTAC,pcrblank1_S93_L001_R1_001.fastq.gz,pcrblank1_S93_L001_R2_001.fastq.gz,FD,negative,18S,NA,NA,NA,NA,NA,NA,NA,NA,NA,Francisco Chavez,MBARI,NA,NA,NA,NA,NA,USA:California:Monterey Bay,NA,NA,NA,NA,NA,NA,NA,NA,NA,Poretics,0.22um,marine biome  (ENVO:00000447),coastal water (ENVO:00001250),waterborne particulate matter (ENVO:01000436),NA,NA,NA,NA,NA,NA,NA,NA,NA,NA,NA,NA,NA,NA,-80,NA,,,,NGS Illumina Miseq,MSU,pcrblank1_FD,NA,NA
94,pcrblank2,FD94,TGAACGTTAC,GTACACACCGCCCGTC,TGATCCTTCTGCAGGTTCACCTAC,pcrblank2_S94_L001_R1_001.fastq.gz,pcrblank2_S94_L001_R2_001.fastq.gz,FD,negative,18S,NA,NA,NA,NA,NA,NA,NA,NA,NA,Francisco Chavez,MBARI,NA,NA,NA,NA,NA,USA:California:Monterey Bay,NA,NA,NA,NA,NA,NA,NA,NA,NA,Poretics,0.22um,marine biome  (ENVO:00000447),coastal water (ENVO:00001250),waterborne particulate matter (ENVO:01000436),NA,NA,NA,NA,NA,NA,NA,NA,NA,NA,NA,NA,NA,NA,-80,NA,,,,NGS Illumina Miseq,MSU,pcrblank2_FD,NA,NA
95,Art_Comm_FWAQ,FD95,CCATTAGAAC,GTACACACCGCCCGTC,TGATCCTTCTGCAGGTTCACCTAC,Art_Comm_FWAQ_S95_L001_R1_001.fastq.gz,Art_Comm_FWAQ_S95_L001_R2_001.fastq.gz,FD,positive,18S,NA,NA,NA,NA,NA,NA,NA,NA,NA,Francisco Chavez,MBARI,NA,NA,NA,NA,NA,USA:California:Monterey Bay,NA,NA,NA,NA,NA,NA,NA,NA,NA,Poretics,0.22um,marine biome  (ENVO:00000447),coastal water (ENVO:00001250),waterborne particulate matter (ENVO:01000436),NA,NA,NA,NA,NA,NA,NA,NA,NA,NA,NA,NA,NA,NA,-80,NA,,,,NGS Illumina Miseq,MSU,Art_Comm_FWAQ_FD,NA,NA