original_name,depth_sampled_m,Volume_filtered_ml,DNA_quant_ng_ul,total_DNA_extracted_ng,DNA_per_ml_filtered_ng
14223c01_05c_eDNA,300,1000,3.612336113,361.2336113,0.361233611
14223c01_07c_eDNA,200,1500,6.138764072,613.8764072,0.409250938
14223c01_06c_eDNA,250,1000,5.156204932,515.6204932,0.515620493
14223c01_10c_eDNA,20,1100,20.54888794,2054.888794,1.868080722
14223c01_04c_eDNA,400,1000,2.482328044,248.2328044,0.248232804
14223c01_09c_eDNA,60,1000,6.824055391,682.4055391,0.682405539
14223c01_02c_eDNA,600,1000,1.983706232,198.3706232,0.198370623
14223c01_01c_eDNA,700,1000,1.594706868,159.4706868,0.159470687
14223c01_03c_eDNA,500,1000,2.528007936,252.8007936,0.252800794
14223c01_12c_eDNA,0,1000,21.0968143,2109.68143,2.10968143
14223c01_08c_eDNA,100,1500,7.130803068,713.0803068,0.475386871
25424c01_12c_eDNA,0,750,55.75130899,5575.130899,7.433507865
25424c01_10c_eDNA,10,1000,11.32865967,1132.865967,1.132865967
25424c01_09c_eDNA,20,1000,10.44898484,1044.898484,1.044898484
25424c01_06c_eDNA,60,1000,10.65814577,1065.814577,1.065814577
25424c01_03c_eDNA,150,1000,5.485258151,548.5258151,0.548525815
25424c02_12c_eDNA,0,950,43.14839875,4314.839875,4.541936711
25424c02_10c_eDNA,10,1000,19.97781959,1997.781959,1.997781959
25424c02_09c_eDNA,20,1000,14.37025272,1437.025272,1.437025272
25424c02_06c_eDNA,60,1000,8.755204189,875.5204189,0.875520419
25424c02_03c_eDNA,150,1000,3.207583459,320.7583459,0.320758346
25424c03_12c_eDNA,0,850,35.33295494,3533.295494,4.156818228
25424c03_10c_eDNA,10,1000,8.482100705,848.2100705,0.848210071
25424c03_09c_eDNA,20,1000,10.84769641,1084.769641,1.084769641
25424c03_06c_eDNA,60,1000,7.353951431,735.3951431,0.735395143
25424c03_03c_eDNA,150,1000,3.765686716,376.5686716,0.376568672
22624c01_12c_eDNA,0,750,52.82091837,5282.091837,7.042789116
22624c01_10c_eDNA,10,1000,16.01551881,1601.551881,1.601551881
22624c01_09c_eDNA,20,1000,9.930055692,993.0055692,0.993005569
22624c01_06c_eDNA,60,1000,3.688825535,368.8825535,0.368882554
22624c01_03c_eDNA,150,1000,4.463757252,446.3757252,0.446375725
22624c02_12c_eDNA,0,900,49.07028789,4907.028789,5.45225421
22624c02_10c_eDNA,10,1000,37.08231357,3708.231357,3.708231357
22624c02_09c_eDNA,20,1000,36.0877652,3608.77652,3.60877652
22624c02_06c_eDNA,60,1000,6.920015693,692.0015693,0.692001569
22624c02_03c_eDNA,150,1000,5.234971378,523.4971378,0.523497138
22624c03_12c_eDNA,0,1050,25.27217948,2527.217948,2.406874236
22624c03_10c_eDNA,10,1050,31.75068484,3175.068484,3.023874747
22624c03_09c_eDNA,20,1000,30.09208189,3009.208189,3.009208189
22624c03_06c_eDNA,60,1000,10.20069627,1020.069627,1.020069627
22624c03_03c_eDNA,150,1000,5.067075702,506.7075702,0.50670757
20524c02_12c_eDNA,0,800,25.81294947,2581.294947,3.226618684
20524c02_10c_eDNA,10,1000,24.88294776,2488.294776,2.488294776
20524c02_09c_eDNA,20,1100,15.80008445,1580.008445,1.436371314
20524c02_06c_eDNA,60,1000,12.91695369,1291.695369,1.291695369
20524c02_03c_eDNA,150,1000,7.578586831,757.8586831,0.757858683
20524c01_12c_eDNA,0,1000,32.71400545,3271.400545,3.271400545
20524c01_10c_eDNA,10,1050,25.27394533,2527.394533,2.407042412
20524c01_09c_eDNA,20,1000,26.09591578,2609.591578,2.609591578
20524c01_06c_eDNA,60,1100,9.529664586,952.9664586,0.866333144
20524c01_03c_eDNA,150,1000,9.859517531,985.9517531,0.985951753
20524c03_12c_eDNA,0,150,29.77972048,2977.972048,19.85314699
20524c03_10c_eDNA,10,1000,20.61714952,2061.714952,2.061714952
20524c03_09c_eDNA,20,1000,43.90894968,4390.894968,4.390894968
20524c03_06c_eDNA,60,1000,6.053656999,605.3656999,0.6053657
20524c03_03c_eDNA,150,1000,4.18011957,418.011957,0.418011957
17024c03_03c_eDNA,150,1000,5.966892075,596.6892075,0.596689208
17024c03_06c_eDNA,60,1000,14.15004303,1415.004303,1.415004303
17024c03_09c_eDNA,20,1000,29.51830459,2951.830459,2.951830459
17024c03_10c_eDNA,10,1000,28.07093892,2807.093892,2.807093892
17024c03_12c_eDNA,0,1000,24.36154344,2436.154344,2.436154344
17024c02_03c_eDNA,150,1000,3.532551021,353.2551021,0.353255102
17024c02_06c_eDNA,60,1000,14.98742204,1498.742204,1.498742204
17024c02_09c_eDNA,20,1100,18.39494383,1839.494383,1.672267621
17024c02_10c_eDNA,10,1000,13.09589795,1309.589795,1.309589795
17024c02_12c_eDNA,0,1000,39.05952159,3905.952159,3.905952159
17024c01_03c_eDNA,150,1000,6.052340902,605.2340902,0.60523409
17024c01_06c_eDNA,60,1000,11.31312248,1131.312248,1.131312248
17024c01_09c_eDNA,20,1000,15.00107045,1500.107045,1.500107045
17024c01_10c_eDNA,10,1000,33.06289546,3306.289546,3.306289546
17024c01_12c_eDNA,0,700,33.12952897,3312.952897,4.732789853
CN24F150mMV2_SC42,150,1000,7.767800439,776.7800439,0.776780044
CN24F150mMV2_SC43,150,1000,12.8163979,1281.63979,1.28163979
CN24F150mMV2_SC44,150,1000,13.38875394,1338.875394,1.338875394
CN24F150mMV2_SC45,150,1000,13.19553138,1319.553138,1.319553138
CN24F150mMV2_SC46,150,1000,9.013120822,901.3120822,0.901312082
CN24F150mMV2_SC47,150,1000,9.983474386,998.3474386,0.998347439
CN24F150mMV2_SC48,150,1000,6.958059473,695.8059473,0.695805947
CN24F150mMV2_SC49,150,1000,8.77710073,877.710073,0.877710073
CN24F150mMV2_SC50,150,1000,8.298041363,829.8041363,0.829804136
CN24F150mMV2_SC51,150,1000,11.02231375,1102.231375,1.102231375
CN24F150mMV2_SC52,150,1000,14.20785382,1420.785382,1.420785382
CN24F150mMV2_SC53,150,1000,9.856300405,985.6300405,0.985630041
CN24F150mMV2_SC54,150,1000,8.172183478,817.2183478,0.817218348
CN24F150mMV2_SC55,150,1000,10.34647348,1034.647348,1.034647348
CN24F150mMV2_SC56,150,1000,14.30690231,1430.690231,1.430690231
CN24F150mMV2_SC57,150,1000,9.340780271,934.0780271,0.934078027
CN24F150mMV2_SC58,150,1000,11.81177707,1181.177707,1.181177707
CN24F150mMV2_SC59,150,1000,9.219406866,921.9406866,0.921940687
CN24F150mMV2_preblank,na,1000,0.020228901,2.0228901,0.00202289
CN24F150mMV2_postblank,na,1000,0.015013257,1.5013257,0.001501326
CN_MBTS_Dual_extraction_P1_DNA_EB,,na,0.007214162,0.7214162,na
CN_MBTS_Dual_extraction_P1_DNA_pcrblank1,,na,0.003314615,0.3314615,na
CN_MBTS_Dual_extraction_P1_DNA_pcrblank2,,na,-0.003655825,-0.3655825,na
CN_MBTS_Dual_extraction_P1_DNA_FWAQ_ArtComm,,na,0.00258345,0.258345,na